CloneGroupType,X2,EachGroup_25Percentile,CloneGroupMin,CloneGroupMax,EachGroup_Mean,EachGroup_Median,CloneGroupVariance,EachGroup_SD,X10,ShanonEntropy
1,Blocks,1,-5,1519,4.929433,1,1520.325,38.99135,3812,NaN
2,Blocks,1,1,1,1,1,0,0,2,1
3,Blocks,0.5,0,9,3.333333,1,24.33333,4.932883,3,NaN
4,Blocks,0,0,1,0.3333333,0,0.3333333,0.5773503,3,NaN
5,Blocks,1,0,12,2.8,1.5,11.95556,3.457681,10,NaN
6,Blocks,3.25,1,10,5.5,5.5,40.5,6.363961,2,0.4394969869215134
7,Blocks,0.25,0,1,0.5,0.5,0.5,0.7071068,2,NaN
8,Blocks,0.5,0,6,2.333333,2,5.466667,2.33809,6,NaN
9,Blocks,1.75,1,3,2.25,2.5,0.9166667,0.9574271,4,0.9455305560363263
10,Blocks,3.5,2,8,5,5,18,4.242641,2,0.7219280948873623
11,Blocks,0,-1,172,4.100629,2,223.4961,14.94979,159,NaN
12,Blocks,1.25,1,2,1.5,1.5,0.5,0.7071068,2,0.9182958340544896
13,Blocks,0.25,0,1,0.5,0.5,0.5,0.7071068,2,NaN
14,Blocks,66,1,261,131,131,33800,183.8478,2,0.03615786754989353
15,Blocks,1.5,1,5,2.666667,2,4.333333,2.081666,3,0.8194483718728035
16,Blocks,0,0,0,0,0,0,0,3,NaN
17,Blocks,4.25,1,80,26.625,15.5,842.2679,29.02185,8,0.7384982585098516
18,Blocks,1.75,1,4,2.5,2.5,4.5,2.12132,2,0.7219280948873623
19,Blocks,1.25,1,2,1.5,1.5,0.5,0.7071068,2,0.9182958340544896
20,Blocks,0.75,0,3,1.5,1.5,1.666667,1.290994,4,NaN
21,Blocks,0,0,1,0.5,0.5,0.3333333,0.5773503,4,NaN
22,Blocks,3.25,2,7,4.5,4.5,12.5,3.535534,2,0.7642045065086203
23,Blocks,0,0,0,0,0,0,0,2,NaN
24,Blocks,0.5,0,2,1,1,2,1.414214,2,NaN
25,Blocks,3,3,4,3.333333,3,0.3333333,0.5773503,3,0.9911594714322186
26,Blocks,1.5,1,2,1.666667,2,0.3333333,0.5773503,3,0.9602297178607612
27,Blocks,1,0,4,2,2,8,2.828427,2,NaN
28,Blocks,2,2,7,3.666667,2,8.333333,2.886751,3,0.826074224242703
29,Blocks,0.5,0,2,1,1,2,1.414214,2,NaN
30,Blocks,1,1,3,1.666667,1,1.333333,1.154701,3,0.8649735207179273
31,Blocks,1,1,4,2,1,3,1.732051,3,0.7896900821428475
32,Blocks,1.25,1,2,1.5,1.5,0.5,0.7071068,2,0.9182958340544896
33,Blocks,0,-1,38,2.826087,1,63.1502,7.94671,23,NaN
34,Blocks,0,0,45,3.567568,1,97.08559,9.853202,37,NaN
35,Blocks,1.5,1,6,3,2,7,2.645751,3,0.7725068857142602
36,Blocks,3,2,6,4,4,8,2.828427,2,0.8112781244591328
37,Blocks,1.5,1,3,2,2,2,1.414214,2,0.8112781244591328
38,Blocks,0.5,0,26,9,1,217,14.73092,3,NaN
39,Blocks,1.75,1,4,2.5,2.5,4.5,2.12132,2,0.7219280948873623
40,Blocks,0,0,2,0.6,0,0.8,0.8944272,5,NaN
41,Blocks,0,0,0,0,0,0,0,2,NaN
42,Blocks,1,0,3,1.666667,2,2.333333,1.527525,3,NaN
43,Blocks,0,0,0,0,0,0,0,2,NaN
44,Blocks,1,1,1,1,1,0,0,2,1
45,Blocks,1.75,0,7,3.5,3.5,24.5,4.949747,2,NaN
46,Blocks,1,1,14,6.5,5.5,43,6.557439,4,0.6863304387305446
47,Blocks,0.25,0,1,0.5,0.5,0.5,0.7071068,2,NaN
48,Blocks,1,1,1,1,1,0,0,2,1
49,Blocks,1,1,5,2.333333,1,5.333333,2.309401,3,0.72483409150576
50,Blocks,1,0,5,2.2,2,3.7,1.923538,5,NaN
51,Blocks,2,2,2,2,2,0,0,3,1
52,Blocks,0.25,0,1,0.5,0.5,0.5,0.7071068,2,NaN
53,Blocks,0.75,0,3,1.5,1.5,4.5,2.12132,2,NaN
54,Blocks,1.25,1,2,1.5,1.5,0.5,0.7071068,2,0.9182958340544896
55,Blocks,1,-1,4,1.333333,1,1.75,1.322876,9,NaN
56,Blocks,0,0,8,1.896552,1,4.810345,2.19325,29,NaN
57,Blocks,0,0,1,0.3333333,0,0.3333333,0.5773503,3,NaN
58,Blocks,1.25,0,5,2.4,2,2.711111,1.646545,10,NaN
59,Blocks,0,-1,4,1.333333,1,6.333333,2.516611,3,NaN
60,Blocks,1.25,1,2,1.5,1.5,0.5,0.7071068,2,0.9182958340544896
61,Blocks,1,0,1,0.8,1,0.2,0.4472136,5,NaN
62,Blocks,2.25,2,3,2.5,2.5,0.5,0.7071068,2,0.9709505944546686
63,Blocks,1.25,1,2,1.5,1.5,0.5,0.7071068,2,0.9182958340544896
64,Blocks,0.25,0,1,0.5,0.5,0.5,0.7071068,2,NaN
65,Blocks,1,1,1,1,1,0,0,2,1
66,Blocks,3.5,1,122,20.85714,4,1992.476,44.63716,7,0.37120794515473465
67,Blocks,0.75,0,13,4,1.5,36.66667,6.055301,4,NaN
68,Blocks,0,0,4,1.6,1,3.3,1.81659,5,NaN
69,Blocks,0.5,0,2,1,1,2,1.414214,2,NaN
70,Blocks,1.25,1,2,1.5,1.5,0.5,0.7071068,2,0.9182958340544896
71,Blocks,0.25,0,1,0.5,0.5,0.5,0.7071068,2,NaN
72,Blocks,0.25,0,1,0.5,0.5,0.5,0.7071068,2,NaN
73,Blocks,0.5,0,47,16,1,721,26.85144,3,NaN
74,Blocks,0.5,0,3,1.333333,1,2.333333,1.527525,3,NaN
75,Blocks,0.5,0,3,1.285714,1,1.238095,1.112697,7,NaN
76,Blocks,0,0,2,1,1,1.333333,1.154701,4,NaN
77,Blocks,1.5,1,35,12.66667,2,374.3333,19.3477,3,0.29714035089888163
78,Blocks,4,4,9,5.666667,4,8.333333,2.886751,3,0.926262155095312
79,Blocks,1,1,1,1,1,0,0,2,1
80,Blocks,0.5,0,2,1,1,2,1.414214,2,NaN
81,Blocks,2,2,2,2,2,0,0,2,1
82,Blocks,1.5,1,2,1.666667,2,0.3333333,0.5773503,3,0.9602297178607612
83,Blocks,1.5,1,3,2,2,2,1.414214,2,0.8112781244591328
84,Blocks,1,1,2,1.25,1,0.25,0.5,4,0.9609640474436811
85,Blocks,0.25,0,1,0.5,0.5,0.5,0.7071068,2,NaN
86,Blocks,1,1,12,4.666667,1,40.33333,6.350853,3,0.463436782324667
87,Blocks,2,2,2,2,2,0,0,2,1
88,Blocks,2,1,5,3,3,8,2.828427,2,0.6500224216483541
89,Blocks,0.5,0,1,0.6666667,1,0.3333333,0.5773503,3,NaN
90,Blocks,1.25,1,2,1.5,1.5,0.5,0.7071068,2,0.9182958340544896
91,Blocks,6,5,9,7,7,8,2.828427,2,0.9402859586706311
92,Blocks,0.5,-1,6,2.142857,2,5.809524,2.410295,7,NaN
93,Blocks,0,-2,5,1,0.5,5.6,2.366432,6,NaN
94,Blocks,1,1,6,3,2.5,4.285714,2.070197,8,0.8965993966936628
95,Blocks,2.5,2,6,3.666667,3,4.333333,2.081666,3,0.9056185178648963
96,Blocks,1.25,1,2,1.5,1.5,0.5,0.7071068,2,0.9182958340544896
97,Blocks,1,1,1,1,1,0,0,2,1
98,Blocks,1.5,1,3,2,2,2,1.414214,2,0.8112781244591328
99,Blocks,2.5,2,5,3.333333,3,2.333333,1.527525,3,0.9372305632161296
100,Blocks,0,-1,5,1,0,4.8,2.19089,6,NaN
101,Blocks,0.75,0,3,1.5,1.5,4.5,2.12132,2,NaN
102,Blocks,0.25,0,1,0.5,0.5,0.5,0.7071068,2,NaN
103,Blocks,2.25,2,3,2.5,2.5,0.5,0.7071068,2,0.9709505944546686
104,Blocks,0,0,0,0,0,0,0,2,NaN
105,Blocks,0.75,0,5,2,1.5,4.666667,2.160247,4,NaN
106,Blocks,0.5,0,7,2,1,6,2.44949,7,NaN
107,Blocks,0.75,0,3,1.5,1.5,4.5,2.12132,2,NaN
108,Blocks,1.5,1,3,2,2,2,1.414214,2,0.8112781244591328
109,Blocks,2.75,2,5,3.5,3.5,4.5,2.12132,2,0.863120568566631
110,Blocks,0.5,0,2,1,1,2,1.414214,2,NaN
111,Blocks,0.5,0,2,1,1,2,1.414214,2,NaN
112,Blocks,5.5,1,19,10,10,162,12.72792,2,0.28639695711595625
113,Blocks,0.25,0,1,0.5,0.5,0.5,0.7071068,2,NaN
114,Blocks,0.25,0,1,0.5,0.5,0.5,0.7071068,2,NaN
115,Blocks,2,1,3,2.2,2,0.7,0.83666,5,0.9609557933859342
116,Blocks,1,1,62,16.5,1.5,920.3333,30.337,4,0.21037758055811864
117,Blocks,3,2,6,4,4,8,2.828427,2,0.8112781244591328
118,Blocks,21.5,2,80,41,41,3042,55.15433,2,0.1654270339962668
119,Blocks,0.75,0,6,2,1,7.333333,2.708013,4,NaN
120,Blocks,0,0,1,0.2,0,0.2,0.4472136,5,NaN
121,Blocks,2.75,2,5,3.5,3.5,4.5,2.12132,2,0.863120568566631
122,Blocks,3.25,3,4,3.5,3.5,0.5,0.7071068,2,0.9852281360342515
123,Blocks,1,0,14,3.4,1,35.3,5.94138,5,NaN
124,Blocks,0,0,0,0,0,0,0,3,NaN
125,Blocks,1,1,1,1,1,0,0,2,1
126,Blocks,3.5,3,5,4,4,2,1.414214,2,0.954434002924965
127,Blocks,13.5,1,51,26,26,1250,35.35534,2,0.1370994788998177
128,Blocks,0.5,0,7,2.666667,1,14.33333,3.785939,3,NaN
129,Blocks,3.25,2,7,4.5,4.5,12.5,3.535534,2,0.7642045065086203
130,Blocks,1.75,0,7,3.5,3.5,24.5,4.949747,2,NaN
131,Blocks,1,0,4,2,2,8,2.828427,2,NaN
132,Blocks,6.75,6,9,7.5,7.5,4.5,2.12132,2,0.9709505944546686
133,Blocks,1.75,1,4,2.5,2.5,1.666667,1.290994,4,0.9232196723355077
134,Blocks,3,2,6,4,4,8,2.828427,2,0.8112781244591328
135,Blocks,1.25,1,2,1.5,1.5,0.5,0.7071068,2,0.9182958340544896
136,Blocks,2,1,5,3,3,8,2.828427,2,0.6500224216483541
137,Blocks,0.75,0,3,1.5,1.5,4.5,2.12132,2,NaN
138,Blocks,1,0,20,5.166667,1,61.36667,7.833688,6,NaN
139,Blocks,2.5,2,4,3,3,2,1.414214,2,0.9182958340544896
140,Blocks,0,0,4,1.25,0.5,3.583333,1.892969,4,NaN
141,Blocks,1.25,1,2,1.5,1.5,0.5,0.7071068,2,0.9182958340544896
142,Blocks,0.75,0,7,2.5,1.5,9.666667,3.109126,4,NaN
143,Blocks,2,2,2,2,2,0,0,2,1
144,Blocks,0.25,0,3,1.166667,1,1.366667,1.169045,6,NaN
145,Blocks,3,3,3,3,3,0,0,2,1
146,Blocks,6.75,3,18,10.5,10.5,112.5,10.6066,2,0.5916727785823275
147,Blocks,0.5,0,12,4.333333,1,44.33333,6.658328,3,NaN
148,Blocks,2.5,1,7,4.25,4.5,7.583333,2.753785,4,0.8697270982459452
149,Blocks,0,0,2,0.6666667,0,1.333333,1.154701,3,NaN
150,Blocks,1,1,1,1,1,0,0,2,1
151,Blocks,0,0,0,0,0,0,0,2,NaN
152,Blocks,2,2,2,2,2,0,0,2,1
153,Blocks,3,0,12,6,6,72,8.485281,2,NaN
154,Blocks,1.5,1,4,2.333333,2,2.333333,1.527525,3,0.8699155297736259
155,Blocks,1,0,4,1.5,1,1.9,1.378405,6,NaN
156,Blocks,1.5,1,3,2,2,2,1.414214,2,0.8112781244591328
157,Blocks,2,2,7,3.2,2,4.7,2.167948,5,0.9042492561839792
158,Blocks,0,0,0,0,0,0,0,2,NaN
159,Blocks,1,0,5,2.333333,2,6.333333,2.516611,3,NaN
160,Blocks,0,0,0,0,0,0,0,2,NaN
161,Blocks,1.5,1,3,2,2,2,1.414214,2,0.8112781244591328
162,Blocks,0.25,0,1,0.5,0.5,0.5,0.7071068,2,NaN
163,Blocks,2.25,1,6,3.5,3.5,12.5,3.535534,2,0.5916727785823275
164,Blocks,1.25,1,2,1.5,1.5,0.5,0.7071068,2,0.9182958340544896
165,Blocks,1,1,2,1.333333,1,0.3333333,0.5773503,3,0.9463946303571862
166,Blocks,11.25,0,45,22.5,22.5,1012.5,31.81981,2,NaN
167,Blocks,0.5,0,2,1,1,1,1,3,NaN
168,Blocks,0,0,0,0,0,0,0,2,NaN
169,Blocks,1,0,40,8.8,1,304.7,17.45566,5,NaN
170,Blocks,1.25,1,2,1.5,1.5,0.5,0.7071068,2,0.9182958340544896
171,Blocks,1.25,1,2,1.5,1.5,0.5,0.7071068,2,0.9182958340544896
172,Blocks,0,0,24,5.4,1,108.8,10.43072,5,NaN
173,Blocks,0.75,0,54,14.25,1.5,702.9167,26.51258,4,NaN
174,Blocks,1,0,3,1.8,2,1.7,1.30384,5,NaN
175,Blocks,0.25,0,1,0.5,0.5,0.5,0.7071068,2,NaN
176,Blocks,1.5,1,4,2.333333,2,2.333333,1.527525,3,0.8699155297736259
177,Blocks,0,0,3,1,0.5,2,1.414214,4,NaN
178,Blocks,1.75,1,83,22,2,1654,40.6694,4,0.2005778956720875
179,Blocks,2,2,5,3,2,3,1.732051,3,0.9057125980138372
180,Blocks,0.5,0,2,1,1,1,1,3,NaN
181,Blocks,0.5,0,6,2.333333,1,10.33333,3.21455,3,NaN
182,Blocks,0.5,0,2,1,1,2,1.414214,2,NaN
183,Blocks,1,0,4,2,2,8,2.828427,2,NaN
184,Blocks,0.25,0,7,2,1.5,6.8,2.607681,6,NaN
185,Blocks,18.25,1,70,35.5,35.5,2380.5,48.79037,2,0.10679203237584187
186,Blocks,0.75,0,7,3,2.5,10,3.162278,4,NaN
187,Blocks,8.25,6,20,12.5,12,39,6.244998,4,0.9311178863955345
188,Blocks,2.5,1,7,4,4,18,4.242641,2,0.5435644431995964
189,Blocks,0,0,2,0.6666667,0,1.333333,1.154701,3,NaN
190,Blocks,1.25,1,2,1.5,1.5,0.5,0.7071068,2,0.9182958340544896
191,Blocks,8,1,29,15,15,392,19.79899,2,0.21084230031853213
192,Blocks,0.75,0,4,1.75,1.5,2.916667,1.707825,4,NaN
193,Blocks,0,0,5,1.25,1,2.204545,1.484771,12,NaN
194,Blocks,1.5,1,3,2,2,2,1.414214,2,0.8112781244591328
195,Blocks,0,0,0,0,0,0,0,2,NaN
196,Blocks,0,0,4,1.333333,0,5.333333,2.309401,3,NaN
197,Blocks,0.75,0,3,1.5,1.5,4.5,2.12132,2,NaN
198,Blocks,3,3,3,3,3,0,0,2,1
199,Blocks,0.5,0,1,0.6666667,1,0.3333333,0.5773503,3,NaN
200,Blocks,0,0,0,0,0,0,0,2,NaN
201,Blocks,1,0,4,2,2,8,2.828427,2,NaN
202,Blocks,0.25,0,1,0.5,0.5,0.5,0.7071068,2,NaN
203,Blocks,0,0,6,2,1,8,2.828427,4,NaN
204,Blocks,0.25,0,1,0.5,0.5,0.5,0.7071068,2,NaN
205,Blocks,1,1,1,1,1,0,0,2,1
206,Blocks,26,1,101,51,51,5000,70.71068,2,0.07949044238393407
207,Blocks,1.5,-1,10,4.333333,4,30.33333,5.507571,3,NaN
208,Blocks,21,3,75,39,39,2592,50.91169,2,0.23519338181924143
209,Blocks,1.25,1,2,1.5,1.5,0.5,0.7071068,2,0.9182958340544896
210,Blocks,0.75,0,3,1.5,1.5,4.5,2.12132,2,NaN
211,Blocks,18.75,11,42,26.5,26.5,480.5,21.92031,2,0.7367680100024783
212,Blocks,2.25,0,9,4.5,4.5,40.5,6.363961,2,NaN
213,Blocks,0.75,0,2,1,1,0.6666667,0.8164966,4,NaN
214,Blocks,0.75,0,3,1.5,1.5,4.5,2.12132,2,NaN
215,Blocks,0.25,0,1,0.5,0.5,0.5,0.7071068,2,NaN
216,Blocks,8.25,3,24,13.5,13.5,220.5,14.84924,2,0.5032583347756457
217,Blocks,0,0,0,0,0,0,0,2,NaN
218,Blocks,7.75,1,28,14.5,14.5,364.5,19.09188,2,0.21639693245126462
219,Blocks,1.75,1,4,2.5,2.5,4.5,2.12132,2,0.7219280948873623
220,Blocks,1,1,2,1.333333,1,0.3333333,0.5773503,3,0.9463946303571862
221,Blocks,0.5,0,2,1,1,2,1.414214,2,NaN
222,Blocks,1,0,40,6.666667,2,167.25,12.93252,9,NaN
223,Blocks,4.5,3,9,6,6,18,4.242641,2,0.8112781244591328
224,Blocks,1,1,1,1,1,0,0,2,1
225,Blocks,2,0,7,2.6,2,6.8,2.607681,5,NaN
226,Blocks,1,0,9,3.666667,2,22.33333,4.725816,3,NaN
227,Blocks,1,1,3,1.714286,2,0.5714286,0.7559289,7,0.957742056202218
228,Blocks,3,2,6,4,4,8,2.828427,2,0.8112781244591328
229,Blocks,1,1,1,1,1,0,0,2,1
230,Blocks,1,1,10,4,1,27,5.196152,3,0.5152734452350943
231,Blocks,0,0,3,1,0.5,2,1.414214,4,NaN
232,Blocks,0.25,0,1,0.5,0.5,0.5,0.7071068,2,NaN
233,Blocks,10.5,6,24,15,15,162,12.72792,2,0.7219280948873623
234,Blocks,3.25,0,13,6.5,6.5,84.5,9.192388,2,NaN
235,Blocks,1,1,2,1.333333,1,0.3333333,0.5773503,3,0.9463946303571862
236,Blocks,1.25,1,2,1.5,1.5,0.5,0.7071068,2,0.9182958340544896
237,Blocks,1,1,56,12.6,1,590.3,24.29609,5,0.2963926979392404
238,Blocks,1.75,1,4,2.5,2.5,4.5,2.12132,2,0.7219280948873623
239,Blocks,0.25,0,4,1.666667,1.5,2.666667,1.632993,6,NaN
240,Blocks,1,1,1,1,1,0,0,2,1
241,Blocks,2.75,0,11,5.5,5.5,60.5,7.778175,2,NaN
242,Blocks,1.5,0,5,2.25,2,4.25,2.061553,4,NaN
243,Blocks,1,0,5,2,2,3.5,1.870829,5,NaN
244,Blocks,1.5,0,6,3,3,18,4.242641,2,NaN
245,Blocks,0,0,3,1,1,1.5,1.224745,5,NaN
246,Blocks,0,0,0,0,0,0,0,2,NaN
247,Blocks,9,9,9,9,9,0,0,2,1
248,Blocks,-0.5,-1,1,0,0,2,1.414214,2,NaN
249,Blocks,0.25,0,1,0.5,0.5,0.5,0.7071068,2,NaN
250,Blocks,9,6,18,12,12,72,8.485281,2,0.8112781244591328
251,Blocks,4.25,2,11,6.5,6.5,40.5,6.363961,2,0.6193821946787638
252,Blocks,13.75,3,46,24.5,24.5,924.5,30.40559,2,0.3322866302216151
253,Blocks,8.25,1,30,15.5,15.5,420.5,20.5061,2,0.205592508185083
254,Blocks,0.5,0,17,6,1,91,9.539392,3,NaN
255,Blocks,10.5,1,39,20,20,722,26.87006,2,0.16866093149667025
256,Blocks,2.5,2,4,3,3,2,1.414214,2,0.9182958340544896
257,Blocks,7,5,13,9,9,32,5.656854,2,0.8524051786494786
258,Blocks,1,1,51,17.66667,1,833.3333,28.86751,3,0.1700664204727554
259,Blocks,1.5,1,8,3.666667,2,14.33333,3.785939,3,0.6913698302025114
260,Blocks,4.25,3,8,5.5,5.5,12.5,3.535534,2,0.8453509366224364
261,Blocks,0.25,0,1,0.5,0.5,0.5,0.7071068,2,NaN
262,Blocks,7.25,0,29,14.5,14.5,420.5,20.5061,2,NaN
263,Blocks,5,5,5,5,5,0,0,2,1
264,Blocks,3,1,5,3.666667,5,5.333333,2.309401,3,0.8508642289005679
265,Blocks,8.75,0,35,17.5,17.5,612.5,24.74874,2,NaN
266,Blocks,2,0,13,5.666667,4,44.33333,6.658328,3,NaN
267,Blocks,8.5,1,31,16,16,450,21.2132,2,0.20062232431271465
268,Blocks,1.25,1,2,1.5,1.5,0.5,0.7071068,2,0.9182958340544896
269,Blocks,27,1,105,53,53,5408,73.53911,2,0.07701687574298335
270,Blocks,0,0,1,0.3333333,0,0.3333333,0.5773503,3,NaN
271,Blocks,2,1,4,2.666667,3,2.333333,1.527525,3,0.886859507142915
272,Blocks,1.5,0,5,2.666667,3,6.333333,2.516611,3,NaN
273,Blocks,1.75,1,4,2.5,2.5,4.5,2.12132,2,0.7219280948873623
274,Blocks,1,1,1,1,1,0,0,2,1
275,Blocks,0.25,0,1,0.5,0.5,0.5,0.7071068,2,NaN
276,Blocks,0.25,0,12,3.833333,2,22.96667,4.792355,6,NaN
277,Blocks,2,2,2,2,2,0,0,2,1
278,Blocks,2.25,2,3,2.5,2.5,0.5,0.7071068,2,0.9709505944546686
279,Blocks,1.5,1,5,2.666667,2,4.333333,2.081666,3,0.8194483718728035
280,Blocks,1.25,1,2,1.5,1.5,0.5,0.7071068,2,0.9182958340544896
281,Blocks,0.75,0,3,1.5,1.5,4.5,2.12132,2,NaN
282,Blocks,6.25,5,10,7.5,7.5,12.5,3.535534,2,0.9182958340544896
283,Blocks,1,0,62,21.33333,2,1241.333,35.23256,3,NaN
284,Blocks,0.25,0,1,0.5,0.5,0.5,0.7071068,2,NaN
285,Blocks,0,0,0,0,0,0,0,2,NaN
286,Blocks,2,1,5,3,3,8,2.828427,2,0.6500224216483541
287,Blocks,5,1,17,9,9,128,11.31371,2,0.3095434291503252
288,Blocks,1.25,1,2,1.5,1.5,0.5,0.7071068,2,0.9182958340544896
289,Blocks,1.75,1,4,2.5,2.5,4.5,2.12132,2,0.7219280948873623
290,Blocks,15,4,48,26,26,968,31.1127,2,0.39124356362925566
291,Blocks,1.5,1,4,2.333333,2,2.333333,1.527525,3,0.8699155297736259
292,Blocks,5,5,5,5,5,0,0,2,1
293,Blocks,0.25,0,1,0.5,0.5,0.5,0.7071068,2,NaN
294,Blocks,0.75,0,3,1.5,1.5,4.5,2.12132,2,NaN
295,Blocks,1,1,2,1.25,1,0.25,0.5,4,0.9609640474436811
296,Blocks,0.5,0,2,1,1,1,1,3,NaN
297,Blocks,0,0,1,0.625,1,0.2678571,0.5175492,8,NaN
298,Blocks,1,-1,32,7.5,1,162.3,12.7397,6,NaN
299,Blocks,1.25,1,2,1.5,1.5,0.5,0.7071068,2,0.9182958340544896
300,Blocks,1,0,4,2,2,4,2,3,NaN
301,Blocks,1,0,6,2,1.5,4.4,2.097618,6,NaN
302,Blocks,0,0,4,1.333333,0,5.333333,2.309401,3,NaN
303,Blocks,1,1,1,1,1,0,0,2,1
304,Blocks,3,1,9,5,5,32,5.656854,2,0.4689955935892812
305,Blocks,0,0,0,0,0,0,0,2,NaN
306,Blocks,1,0,4,1.666667,1,2,1.414214,9,NaN
307,Blocks,0.25,0,1,0.5,0.5,0.5,0.7071068,2,NaN
308,Blocks,1.5,1,3,2,2,2,1.414214,2,0.8112781244591328
309,Blocks,0.75,0,2,1.25,1.5,0.9166667,0.9574271,4,NaN
310,Blocks,1.5,1,2,1.666667,2,0.3333333,0.5773503,3,0.9602297178607612
311,Blocks,2.75,1,8,4.5,4.5,24.5,4.949747,2,0.5032583347756457
312,Blocks,0.75,0,3,1.5,1.5,4.5,2.12132,2,NaN
313,Blocks,7,0,28,14,14,392,19.79899,2,NaN
314,Blocks,1.25,1,2,1.5,1.5,0.5,0.7071068,2,0.9182958340544896
315,Blocks,0.25,0,1,0.5,0.5,0.5,0.7071068,2,NaN
316,Blocks,0,0,0,0,0,0,0,2,NaN
317,Blocks,0,0,4,1.2,1,2.7,1.643168,5,NaN
318,Blocks,0,0,0,0,0,0,0,2,NaN
319,Blocks,0,0,2,0.6,0,0.8,0.8944272,5,NaN
320,Blocks,1.25,0,5,2.5,2.5,12.5,3.535534,2,NaN
321,Blocks,0.25,0,1,0.5,0.5,0.5,0.7071068,2,NaN
322,Blocks,1.25,1,2,1.5,1.5,0.5,0.7071068,2,0.9182958340544896
323,Blocks,0.75,0,2,1,1,0.6666667,0.8164966,4,NaN
324,Blocks,0,0,3,1,1,0.875,0.9354143,17,NaN
325,Blocks,2.75,0,11,5.5,5.5,60.5,7.778175,2,NaN
326,Blocks,1.25,1,2,1.5,1.5,0.5,0.7071068,2,0.9182958340544896
327,Blocks,1,0,4,1.857143,1,2.142857,1.46385,7,NaN
328,Blocks,1.25,0,5,2.5,2.5,12.5,3.535534,2,NaN
329,Blocks,1,1,1,1,1,0,0,2,1
330,Blocks,1,1,1,1,1,0,0,2,1
331,Blocks,0,0,0,0,0,0,0,2,NaN
332,Blocks,2.25,1,6,3.5,3.5,12.5,3.535534,2,0.5916727785823275
333,Blocks,0,0,0,0,0,0,0,2,NaN
334,Blocks,1,1,3,1.666667,1,1.333333,1.154701,3,0.8649735207179273
335,Blocks,1.5,1,3,2,2,2,1.414214,2,0.8112781244591328
336,Blocks,0,0,0,0,0,0,0,2,NaN
337,Blocks,3,3,3,3,3,0,0,2,1
338,Blocks,0.25,0,1,0.5,0.5,0.5,0.7071068,2,NaN
339,Blocks,2,2,4,2.666667,2,1.333333,1.154701,3,0.9463946303571862
340,Blocks,1.25,0,5,2.5,2.5,12.5,3.535534,2,NaN
341,Blocks,3.5,1,11,6,6,50,7.071068,2,0.41381685030363374
342,Blocks,0.25,0,1,0.5,0.5,0.5,0.7071068,2,NaN
343,Blocks,0.25,0,1,0.5,0.5,0.5,0.7071068,2,NaN
344,Blocks,3.75,1,12,6.5,6.5,60.5,7.778175,2,0.39124356362925566
345,Blocks,3.25,2,7,4.5,4.5,12.5,3.535534,2,0.7642045065086203
346,Blocks,1,1,1,1,1,0,0,2,1
347,Blocks,0.5,0,2,1,1,2,1.414214,2,NaN
348,Blocks,1,1,3,1.666667,1,1.333333,1.154701,3,0.8649735207179273
349,Blocks,0.75,0,3,1.5,1.5,4.5,2.12132,2,NaN
350,Blocks,1,0,230,30.125,1,6524.696,80.77559,8,NaN
351,Blocks,1,1,1,1,1,0,0,2,1
352,Blocks,0.25,0,1,0.5,0.5,0.5,0.7071068,2,NaN
353,Blocks,2.5,1,7,4,4,18,4.242641,2,0.5435644431995964
354,Blocks,4.25,0,17,8.5,8.5,144.5,12.02082,2,NaN
355,Blocks,0.25,0,1,0.5,0.5,0.5,0.7071068,2,NaN
356,Blocks,0.5,0,2,1,1,2,1.414214,2,NaN
357,Blocks,9.5,0,38,19,19,722,26.87006,2,NaN
358,Blocks,1,0,3,1.666667,2,2.333333,1.527525,3,NaN
359,Blocks,0.25,0,1,0.5,0.5,0.5,0.7071068,2,NaN
360,Blocks,1,1,1,1,1,0,0,2,1
361,Blocks,0.25,0,1,0.5,0.5,0.5,0.7071068,2,NaN
362,Blocks,5,5,5,5,5,0,0,2,1
363,Blocks,1,0,4,1.4,1,2.3,1.516575,5,NaN
364,Blocks,0,0,0,0,0,0,0,2,NaN
365,Blocks,0.75,0,3,1.5,1.5,4.5,2.12132,2,NaN
366,Blocks,2.5,2,4,3,3,2,1.414214,2,0.9182958340544896
367,Blocks,0.5,0,2,1,1,1,1,3,NaN
368,Blocks,1.5,1,3,2,2,2,1.414214,2,0.8112781244591328
369,Blocks,0.25,0,1,0.5,0.5,0.5,0.7071068,2,NaN
370,Blocks,0.75,0,3,1.5,1.5,4.5,2.12132,2,NaN
371,Blocks,3,1,9,5,5,32,5.656854,2,0.4689955935892812
372,Blocks,1,1,3,1.75,1.5,0.9166667,0.9574271,4,0.9211854965885542
373,Blocks,1.25,1,2,1.5,1.5,0.5,0.7071068,2,0.9182958340544896
374,Blocks,-1,-2,2,0,0,4,2,3,NaN
375,Blocks,2,2,2,2,2,0,0,2,1
376,Blocks,1,1,1,1,1,0,0,2,1
377,Blocks,0,0,18,5,1,76,8.717798,4,NaN
378,Blocks,1.25,1,2,1.5,1.5,0.5,0.7071068,2,0.9182958340544896
379,Blocks,1.25,1,2,1.5,1.5,0.5,0.7071068,2,0.9182958340544896
380,Blocks,1,0,4,2,2,8,2.828427,2,NaN
381,Blocks,2,2,2,2,2,0,0,2,1
382,Blocks,53,53,53,53,53,0,0,2,1
383,Blocks,1,0,4,2,2,8,2.828427,2,NaN
384,Blocks,0,0,0,0,0,0,0,2,NaN
385,Blocks,0.25,0,1,0.5,0.5,0.5,0.7071068,2,NaN
386,Blocks,3.25,2,7,4.5,4.5,12.5,3.535534,2,0.7642045065086203
387,Blocks,0.5,0,2,1,1,2,1.414214,2,NaN
388,Blocks,2.5,1,7,4,4,18,4.242641,2,0.5435644431995964
389,Blocks,0.5,0,2,1,1,2,1.414214,2,NaN
390,Blocks,8.5,8,10,9,9,2,1.414214,2,0.9910760598382222
391,Blocks,0,0,0,0,0,0,0,2,NaN
392,Blocks,0.5,0,2,1,1,2,1.414214,2,NaN
393,Blocks,1,1,3,2,2,1.333333,1.154701,4,0.9056390622295665
394,Blocks,1,1,1,1,1,0,0,2,1
395,Blocks,0,0,0,0,0,0,0,2,NaN
396,Blocks,50.5,7,181,94,94,15138,123.0366,2,0.22946337286666185
397,Blocks,0.75,0,4,1.25,1,1.4,1.183216,16,NaN
398,Blocks,0.5,0,2,1,1,2,1.414214,2,NaN
399,Blocks,0.5,0,2,1,1,1,1,3,NaN
400,Blocks,10.75,7,22,14.5,14.5,112.5,10.6066,2,0.7973265101474423
401,Blocks,1,1,3,1.666667,1,1.333333,1.154701,3,0.8649735207179273
402,Blocks,14.5,2,52,27,27,1250,35.35534,2,0.228538143953528
403,Blocks,3.5,3,5,4,4,2,1.414214,2,0.954434002924965
404,Blocks,0.25,0,1,0.5,0.5,0.5,0.7071068,2,NaN
405,Blocks,1,1,3,1.666667,1,1.333333,1.154701,3,0.8649735207179273
406,Blocks,0.25,0,1,0.5,0.5,0.5,0.7071068,2,NaN
407,Blocks,0.5,0,2,1,1,2,1.414214,2,NaN
408,Blocks,0.25,0,1,0.5,0.5,0.5,0.7071068,2,NaN
409,Blocks,0,0,0,0,0,0,0,2,NaN
410,Blocks,0.5,0,2,1,1,1,1,3,NaN
411,Blocks,1.5,1,3,2,2,2,1.414214,2,0.8112781244591328
412,Blocks,0.75,0,3,1.5,1.5,4.5,2.12132,2,NaN
413,Blocks,0.75,0,3,1.5,1.5,4.5,2.12132,2,NaN
414,Blocks,0,0,4,1.4,1,2.8,1.67332,5,NaN
415,Blocks,2,1,5,3,3,8,2.828427,2,0.6500224216483541
416,Blocks,2.75,0,11,5.5,5.5,60.5,7.778175,2,NaN
417,Blocks,0.5,0,2,1,1,2,1.414214,2,NaN
418,Blocks,2.75,0,11,5.5,5.5,60.5,7.778175,2,NaN
419,Blocks,1.5,1,3,2,2,1,1,3,0.9206198357143051
420,Blocks,0.25,0,1,0.5,0.5,0.5,0.7071068,2,NaN
421,Blocks,0.25,0,1,0.5,0.5,0.5,0.7071068,2,NaN
422,Blocks,1,0,13,5,2,49,7,3,NaN
423,Blocks,3.75,3,6,4.5,4.5,4.5,2.12132,2,0.9182958340544896
424,Blocks,-0.5,-1,1,0,0,2,1.414214,2,NaN
425,Blocks,1.5,1,3,2,2,2,1.414214,2,0.8112781244591328
426,Blocks,1.5,0,4,2.333333,3,4.333333,2.081666,3,NaN
427,Blocks,0.75,0,2,1.25,1.5,0.9166667,0.9574271,4,NaN
428,Blocks,7.75,0,31,15.5,15.5,480.5,21.92031,2,NaN
429,Blocks,0,0,4,1,0,4,2,4,NaN
430,Blocks,0.25,0,1,0.5,0.5,0.5,0.7071068,2,NaN
431,Blocks,1,1,1,1,1,0,0,4,1
432,Blocks,0,0,0,0,0,0,0,2,NaN
433,Blocks,1.75,1,4,2.5,2.5,4.5,2.12132,2,0.7219280948873623
434,Blocks,0,0,0,0,0,0,0,2,NaN
435,Blocks,0,0,3,0.8,0,1.7,1.30384,5,NaN
436,Blocks,0.75,0,3,1.5,1.5,4.5,2.12132,2,NaN
437,Blocks,2,2,3,2.2,2,0.2,0.4472136,5,0.9905114616736055
438,Blocks,1.5,1,3,2,2,2,1.414214,2,0.8112781244591328
439,Blocks,3,1,12,6,5,31,5.567764,3,0.7160863263878678
440,Blocks,0.25,0,1,0.5,0.5,0.5,0.7071068,2,NaN
441,Blocks,0.75,0,3,1.5,1.5,4.5,2.12132,2,NaN
442,Blocks,2,1,5,3,3,8,2.828427,2,0.6500224216483541
443,Blocks,0,0,0,0,0,0,0,2,NaN
444,Blocks,1,1,1,1,1,0,0,2,1
445,Blocks,1,0,4,2,2,8,2.828427,2,NaN
446,Blocks,0,0,0,0,0,0,0,3,NaN
447,Blocks,1.25,1,2,1.5,1.5,0.5,0.7071068,2,0.9182958340544896
448,Blocks,0.75,0,1,0.75,1,0.25,0.5,4,NaN
449,Blocks,1.5,1,3,2,2,2,1.414214,2,0.8112781244591328
450,Blocks,0.25,0,1,0.5,0.5,0.5,0.7071068,2,NaN
451,Blocks,23,3,83,43,43,3200,56.56854,2,0.21832103023746735
452,Blocks,1.5,1,3,2,2,2,1.414214,2,0.8112781244591328
453,Blocks,1,1,1,1,1,0,0,2,1
454,Blocks,3,3,3,3,3,0,0,2,1
455,Blocks,2.25,1,6,3.5,3.5,12.5,3.535534,2,0.5916727785823275
456,Blocks,1,1,1,1,1,0,0,2,1
457,Blocks,4,4,4,4,4,0,0,2,1
458,Blocks,0,0,0,0,0,0,0,2,NaN
459,Blocks,2.5,2,4,3,3,2,1.414214,2,0.9182958340544896
460,Blocks,0.5,0,2,1,1,2,1.414214,2,NaN
461,Blocks,0.25,0,1,0.5,0.5,0.5,0.7071068,2,NaN
462,Blocks,0,0,16,2.083333,1,19.7197,4.440687,12,NaN
463,Blocks,1,1,1,1,1,0,0,2,1
464,Blocks,0.75,0,3,1.5,1.5,4.5,2.12132,2,NaN
465,Blocks,0,0,0,0,0,0,0,2,NaN
466,Blocks,0,0,0,0,0,0,0,2,NaN
467,Blocks,0.25,0,1,0.5,0.5,0.5,0.7071068,2,NaN
468,Blocks,293,2,1166,584,584,677448,823.0723,2,0.018204252928151712
469,Blocks,3,0,27,7.8,4,118.7,10.89495,5,NaN
470,Blocks,0,0,0,0,0,0,0,2,NaN
471,Blocks,2,1,5,3,3,8,2.828427,2,0.6500224216483541
472,Blocks,2,2,2,2,2,0,0,2,1
473,Blocks,7.75,6,13,9.5,9.5,24.5,4.949747,2,0.8997437586982626
474,Blocks,0.25,0,1,0.5,0.5,0.5,0.7071068,2,NaN
475,Blocks,0,0,0,0,0,0,0,2,NaN
476,Blocks,23,8,68,38,38,1800,42.42641,2,0.4854607607459134
477,Blocks,9.5,0,21,13.33333,19,134.3333,11.59023,3,NaN
478,Blocks,11,3,35,19,19,512,22.62742,2,0.3984592740952357
479,Blocks,9.25,8,13,10.5,10.5,12.5,3.535534,2,0.9587118829771318
480,Blocks,2.5,2,4,3,3,2,1.414214,2,0.9182958340544896
481,Blocks,1,1,1,1,1,0,0,2,1
482,Blocks,1,1,1,1,1,0,0,2,1
483,Blocks,7.25,-1,32,15.5,15.5,544.5,23.33452,2,NaN
484,Blocks,0,0,1,0.3333333,0,0.3333333,0.5773503,3,NaN
485,Blocks,0.25,0,1,0.5,0.5,0.5,0.7071068,2,NaN
486,Blocks,1.5,1,2,1.666667,2,0.3333333,0.5773503,3,0.9602297178607612
487,Blocks,0.25,0,1,0.5,0.5,0.5,0.7071068,2,NaN
488,Blocks,0,0,3,1,0.5,2,1.414214,4,NaN
489,Blocks,0.25,0,1,0.5,0.5,0.5,0.7071068,2,NaN
490,Blocks,0.25,0,1,0.5,0.5,0.5,0.7071068,2,NaN
491,Blocks,0.75,0,3,1.5,1.5,4.5,2.12132,2,NaN
492,Blocks,0.75,0,3,1.5,1.5,4.5,2.12132,2,NaN
493,Blocks,0.25,0,1,0.5,0.5,0.5,0.7071068,2,NaN
494,Blocks,0.25,0,1,0.5,0.5,0.5,0.7071068,2,NaN
495,Blocks,0,0,0,0,0,0,0,2,NaN
496,Blocks,0.25,0,1,0.5,0.5,0.5,0.7071068,2,NaN
497,Blocks,0.25,0,1,0.5,0.5,0.5,0.7071068,2,NaN
498,Blocks,1,1,2,1.333333,1,0.3333333,0.5773503,3,0.9463946303571862
499,Blocks,2,2,2,2,2,0,0,2,1
500,Blocks,1.5,1,3,2,2,2,1.414214,2,0.8112781244591328
501,Blocks,3,3,3,3,3,0,0,2,1
502,Blocks,1.25,1,2,1.5,1.5,0.5,0.7071068,2,0.9182958340544896
503,Blocks,0,0,0,0,0,0,0,4,NaN
504,Blocks,1,1,1,1,1,0,0,2,1
505,Blocks,0.25,0,1,0.5,0.5,0.5,0.7071068,2,NaN
506,Blocks,4.75,4,7,5.5,5.5,4.5,2.12132,2,0.9456603046006401
507,Blocks,1.5,1,3,2,2,2,1.414214,2,0.8112781244591328
508,Blocks,0,0,3,1,0,3,1.732051,3,NaN
509,Blocks,1,1,3,1.666667,1,1.333333,1.154701,3,0.8649735207179273
510,Blocks,0.25,0,1,0.5,0.5,0.5,0.7071068,2,NaN
511,Blocks,1,0,3,1.8,2,1.511111,1.229273,10,NaN
512,Blocks,7,7,7,7,7,0,0,2,1
513,Blocks,1.75,1,4,2.5,2.5,4.5,2.12132,2,0.7219280948873623
514,Blocks,1.75,1,4,2.5,2.5,4.5,2.12132,2,0.7219280948873623
515,Blocks,2.75,0,11,5.5,5.5,60.5,7.778175,2,NaN
516,Blocks,1.5,1,3,2,2,2,1.414214,2,0.8112781244591328
517,Blocks,0.25,0,1,0.5,0.5,0.5,0.7071068,2,NaN
518,Blocks,1,1,1,1,1,0,0,2,1
519,Blocks,0.25,0,1,0.5,0.5,0.5,0.7071068,2,NaN
520,Blocks,1.5,1,3,2,2,2,1.414214,2,0.8112781244591328
521,Blocks,0.5,0,2,1,1,2,1.414214,2,NaN
522,Blocks,4,4,4,4,4,0,0,2,1
523,Blocks,0.5,0,1,0.6666667,1,0.3333333,0.5773503,3,NaN
524,Blocks,2.25,2,3,2.5,2.5,0.5,0.7071068,2,0.9709505944546686
525,Blocks,0,0,1,0.3333333,0,0.3333333,0.5773503,3,NaN
526,Blocks,5,5,5,5,5,0,0,2,1
527,Blocks,0.25,0,1,0.5,0.5,0.5,0.7071068,2,NaN
528,Blocks,0.75,0,25,12.5,12.5,192.3333,13.86843,4,NaN
529,Blocks,1.25,1,2,1.5,1.5,0.5,0.7071068,2,0.9182958340544896
530,Blocks,1,1,1,1,1,0,0,2,1
531,Blocks,0.5,0,2,1,1,2,1.414214,2,NaN
532,Blocks,15.75,10,33,21.5,21.5,264.5,16.26346,2,0.782444129406689
533,Blocks,0.25,0,1,0.5,0.5,0.5,0.7071068,2,NaN
534,Blocks,0.25,0,1,0.5,0.5,0.5,0.7071068,2,NaN
535,Blocks,1,1,1,1,1,0,0,2,1
536,Blocks,1,0,24,3.9,2,51.21111,7.156194,10,NaN
537,Blocks,0.25,0,1,0.5,0.5,0.5,0.7071068,2,NaN
538,Blocks,0.75,0,3,1.5,1.5,4.5,2.12132,2,NaN
539,Blocks,2.75,2,5,3.5,3.5,4.5,2.12132,2,0.863120568566631
540,Blocks,0.5,0,3,1.333333,1,2.333333,1.527525,3,NaN
541,Blocks,1.5,1,2,1.666667,2,0.3333333,0.5773503,3,0.9602297178607612
542,Blocks,0.75,0,79,22,4.5,1456.667,38.1663,4,NaN
543,Blocks,0,0,0,0,0,0,0,2,NaN
544,Blocks,0.5,0,2,1,1,2,1.414214,2,NaN
545,Blocks,0.5,0,2,1,1,2,1.414214,2,NaN
546,Blocks,0.25,0,1,0.5,0.5,0.5,0.7071068,2,NaN
547,Blocks,0.25,0,1,0.5,0.5,0.5,0.7071068,2,NaN
548,Blocks,1.5,1,61,21.33333,2,1180.333,34.35598,3,0.19938388131680537
549,Blocks,1,1,1,1,1,0,0,2,1
550,Blocks,4,3,7,5,5,8,2.828427,2,0.8812908992306927
551,Blocks,0.25,0,1,0.5,0.5,0.5,0.7071068,2,NaN
552,Blocks,10.75,7,22,14.5,14.5,112.5,10.6066,2,0.7973265101474423
553,Blocks,2.5,1,5,3.333333,4,4.333333,2.081666,3,0.858672711073255
554,Blocks,0,0,2,0.6666667,0,1.333333,1.154701,3,NaN
555,Blocks,1,0,4,2,2,8,2.828427,2,NaN
556,Blocks,0.25,0,1,0.5,0.5,0.5,0.7071068,2,NaN
557,Blocks,0.25,0,1,0.5,0.5,0.5,0.7071068,2,NaN
558,Blocks,4,4,4,4,4,0,0,2,1
559,Blocks,0,0,0,0,0,0,0,2,NaN
560,Blocks,1,0,2,1.333333,2,1.333333,1.154701,3,NaN
561,Blocks,2,2,2,2,2,0,0,2,1
562,Blocks,0.5,0,2,1,1,2,1.414214,2,NaN
563,Blocks,2,2,2,2,2,0,0,2,1
564,Blocks,0.25,0,1,0.5,0.5,0.5,0.7071068,2,NaN
565,Blocks,1,0,2,1.333333,2,1.333333,1.154701,3,NaN
566,Blocks,0.5,0,2,1,1,2,1.414214,2,NaN
567,Blocks,1,1,2,1.333333,1,0.3333333,0.5773503,3,0.9463946303571862
568,Blocks,0.25,0,1,0.5,0.5,0.5,0.7071068,2,NaN
569,Blocks,0.25,0,1,0.5,0.5,0.5,0.7071068,2,NaN
570,Blocks,0.25,0,1,0.5,0.5,0.5,0.7071068,2,NaN
571,Blocks,1.5,1,6,3,2,7,2.645751,3,0.7725068857142602
572,Blocks,0.25,0,1,0.5,0.5,0.5,0.7071068,2,NaN
573,Blocks,2,1,4,2.666667,3,2.333333,1.527525,3,0.886859507142915
574,Blocks,0.75,0,3,1.5,1.5,4.5,2.12132,2,NaN
575,Blocks,0,0,0,0,0,0,0,2,NaN
576,Blocks,1,1,1,1,1,0,0,2,1
577,Blocks,2,2,2,2,2,0,0,2,1
578,Blocks,2.25,1,6,3.5,3.5,12.5,3.535534,2,0.5916727785823275
579,Blocks,2.25,1,6,3.5,3.5,12.5,3.535534,2,0.5916727785823275
580,Blocks,1.5,1,3,2,2,2,1.414214,2,0.8112781244591328
581,Blocks,18.5,14,32,23,23,162,12.72792,2,0.8865408928220899
582,Blocks,77.5,3,301,152,152,44402,210.7178,2,0.07991958513163216
583,Blocks,0.5,0,2,1,1,2,1.414214,2,NaN
584,Blocks,5.25,1,18,9.5,9.5,144.5,12.02082,2,0.2974722489192896
585,Blocks,0.5,0,2,1,1,2,1.414214,2,NaN
586,Blocks,0.75,0,3,1.5,1.5,4.5,2.12132,2,NaN
587,Blocks,1.5,1,3,2,2,2,1.414214,2,0.8112781244591328
588,Blocks,6,6,6,6,6,0,0,2,1
589,Blocks,1.5,1,3,2,2,1,1,3,0.9206198357143051
590,Blocks,6,4,10,7.333333,8,9.333333,3.05505,3,0.9431887805255736
591,Blocks,1.25,1,2,1.5,1.5,0.5,0.7071068,2,0.9182958340544896
592,Blocks,0,0,0,0,0,0,0,2,NaN
593,Blocks,2.25,2,3,2.5,2.5,0.5,0.7071068,2,0.9709505944546686
594,Blocks,0,0,2,0.6666667,0,1.333333,1.154701,3,NaN
595,Blocks,40.5,3,559,213.3333,78,91020.33,301.6958,3,0.3639576642854019
596,Blocks,1.25,1,2,1.5,1.5,0.5,0.7071068,2,0.9182958340544896
597,Blocks,1.5,0,6,3,3,18,4.242641,2,NaN
598,Blocks,4,4,4,4,4,0,0,3,1
599,Blocks,4,4,4,4,4,0,0,2,1
600,Blocks,-0.5,-1,2,0.3333333,0,2.333333,1.527525,3,NaN
601,Blocks,2,2,2,2,2,0,0,2,1
602,Blocks,3,2,6,4,4,8,2.828427,2,0.8112781244591328
603,Blocks,1,0,4,2,2,8,2.828427,2,NaN
604,Blocks,2,2,2,2,2,0,0,2,1
605,Blocks,1.25,1,2,1.5,1.5,0.5,0.7071068,2,0.9182958340544896
606,Blocks,1.5,1,3,2,2,2,1.414214,2,0.8112781244591328
607,Blocks,1.75,0,7,3.5,3.5,24.5,4.949747,2,NaN
608,Blocks,2,2,2,2,2,0,0,2,1
609,Blocks,0.5,0,2,1,1,2,1.414214,2,NaN
610,Blocks,3.5,3,5,4,4,2,1.414214,2,0.954434002924965
611,Blocks,2,2,3,2.333333,2,0.3333333,0.5773503,3,0.9821410328348752
612,Blocks,2.75,1,8,4.5,4.5,24.5,4.949747,2,0.5032583347756457
613,Blocks,1,1,1,1,1,0,0,2,1
614,Blocks,1,1,1,1,1,0,0,2,1
615,Blocks,2,2,2,2,2,0,0,2,1
616,Blocks,5.5,4,10,7,7,18,4.242641,2,0.863120568566631
617,Blocks,3.25,3,4,3.5,3.5,0.5,0.7071068,2,0.9852281360342515
618,Blocks,2.5,2,4,3,3,2,1.414214,2,0.9182958340544896
619,Blocks,39,16,108,62,62,4232,65.05382,2,0.5547781633412736
620,Blocks,0.5,0,3,1.333333,1,2.333333,1.527525,3,NaN
621,Blocks,5.5,0,22,11,11,242,15.55635,2,NaN
622,Blocks,5.75,2,17,9.5,9.5,112.5,10.6066,2,0.4854607607459134
623,Blocks,12.5,4,38,21,21,578,24.04163,2,0.4537163391869448
624,Blocks,0.25,0,1,0.5,0.5,0.5,0.7071068,2,NaN
625,Blocks,1,1,1,1,1,0,0,2,1
626,Blocks,1.25,1,2,1.5,1.5,0.5,0.7071068,2,0.9182958340544896
627,Blocks,1,1,1,1,1,0,0,2,1
628,Blocks,5.75,0,23,11.5,11.5,264.5,16.26346,2,NaN
629,Blocks,1,0,16,3.666667,1.5,37.06667,6.08824,6,NaN
630,Blocks,1.5,1,3,2,2,2,1.414214,2,0.8112781244591328
631,Blocks,0,0,4,1.333333,0,5.333333,2.309401,3,NaN
632,Blocks,1,0,4,2,2,8,2.828427,2,NaN
633,Blocks,1,1,1,1,1,0,0,2,1
634,Blocks,0,0,0,0,0,0,0,2,NaN
635,Blocks,3.25,3,4,3.5,3.5,0.5,0.7071068,2,0.9852281360342515
636,Blocks,1.25,1,2,1.5,1.5,0.5,0.7071068,2,0.9182958340544896
637,Blocks,6.75,3,18,10.5,10.5,112.5,10.6066,2,0.5916727785823275
638,Blocks,2,1,3,2.333333,3,1.333333,1.154701,3,0.9141008920185653
639,Blocks,4.5,4,6,5,5,2,1.414214,2,0.9709505944546686
640,Blocks,0.75,0,3,1.5,1.5,4.5,2.12132,2,NaN
641,Blocks,0,0,0,0,0,0,0,2,NaN
642,Blocks,1.25,0,5,2.5,2.5,12.5,3.535534,2,NaN
643,Blocks,2,2,2,2,2,0,0,2,1
644,Blocks,2,2,2,2,2,0,0,2,1
645,Blocks,2,2,2,2,2,0,0,2,1
646,Blocks,2.5,1,7,4,4,18,4.242641,2,0.5435644431995964
647,Blocks,1.25,1,2,1.5,1.5,0.5,0.7071068,2,0.9182958340544896
648,Blocks,0.5,0,2,1,1,2,1.414214,2,NaN
649,Blocks,0.75,0,3,1.5,1.5,4.5,2.12132,2,NaN
650,Blocks,0.25,0,1,0.5,0.5,0.5,0.7071068,2,NaN
651,Blocks,0.25,0,1,0.5,0.5,0.5,0.7071068,2,NaN
652,Blocks,14.75,1,56,28.5,28.5,1512.5,38.89087,2,0.12741851179235877
653,Blocks,1.5,1,3,2,2,2,1.414214,2,0.8112781244591328
654,Blocks,6.75,5,12,8.5,8.5,24.5,4.949747,2,0.8739810481273578
655,Blocks,3,3,3,3,3,0,0,2,1
656,Blocks,2,1,5,3,3,8,2.828427,2,0.6500224216483541
657,Blocks,15.5,3,53,28,28,1250,35.35534,2,0.3013786435930858
658,Blocks,0.5,0,2,1,1,2,1.414214,2,NaN
659,Blocks,4,3,7,5,5,8,2.828427,2,0.8812908992306927
660,Blocks,56.25,2,219,110.5,110.5,23544.5,153.4422,2,0.07442578992239543
661,Blocks,1,0,4,2,2,8,2.828427,2,NaN
662,Blocks,1.5,1,3,2,2,2,1.414214,2,0.8112781244591328
663,Blocks,3.5,2,372,126.3333,5,45266.33,212.7589,3,0.09382002389097346
664,Blocks,2.5,1,33,12.66667,4,312.3333,17.67295,3,0.41435879166445866
665,Blocks,51.5,8,182,95,95,15138,123.0366,2,0.25186284771956513
666,Blocks,3,0,12,6,6,72,8.485281,2,NaN
667,Blocks,31.5,5,111,58,58,5618,74.95332,2,0.25634477409913614
668,Blocks,14,8,32,20,20,288,16.97056,2,0.7219280948873623
669,Blocks,1.5,1,3,2,2,2,1.414214,2,0.8112781244591328
670,Blocks,2.25,1,6,3.5,3.5,12.5,3.535534,2,0.5916727785823275
671,Blocks,14.5,0,58,29,29,1682,41.01219,2,NaN
672,Blocks,0.5,0,3,1.333333,1,2.333333,1.527525,3,NaN
673,Blocks,9,1,33,17,17,512,22.62742,2,0.19143325481419343
674,Blocks,20,0,80,40,40,3200,56.56854,2,NaN
675,Blocks,6.25,3,16,9.5,9.5,84.5,9.192388,2,0.6292492238560345
676,Blocks,23,23,23,23,23,0,0,2,1
677,Blocks,0,0,5,0.7540984,0,1.288525,1.135132,61,NaN
678,Blocks,2,2,2,2,2,0,0,2,1
679,Blocks,2.25,2,3,2.5,2.5,0.5,0.7071068,2,0.9709505944546686
680,Blocks,5.75,2,17,9.5,9.5,112.5,10.6066,2,0.4854607607459134
681,Blocks,0,0,0,0,0,0,0,3,NaN
682,Blocks,0.5,0,1,0.6666667,1,0.3333333,0.5773503,3,NaN
683,Blocks,2.5,2,4,3,3,2,1.414214,2,0.9182958340544896
684,Blocks,3.75,1,12,6.5,6.5,60.5,7.778175,2,0.39124356362925566
685,Blocks,0.25,0,1,0.5,0.5,0.5,0.7071068,2,NaN
686,Blocks,0.25,0,1,0.5,0.5,0.5,0.7071068,2,NaN
687,Blocks,0,0,0,0,0,0,0,2,NaN
688,Blocks,0,0,0,0,0,0,0,3,NaN
689,Blocks,1,1,1,1,1,0,0,2,1
690,Blocks,1.25,1,2,1.5,1.5,0.5,0.7071068,2,0.9182958340544896
691,Blocks,1,1,1,1,1,0,0,2,1
692,Blocks,1.25,1,2,1.5,1.5,0.5,0.7071068,2,0.9182958340544896
693,Blocks,0,0,20,6.666667,0,133.3333,11.54701,3,NaN
694,Blocks,1,1,1,1,1,0,0,2,1
695,Blocks,0,0,0,0,0,0,0,3,NaN
696,Blocks,3,2,6,4,4,8,2.828427,2,0.8112781244591328
697,Blocks,1,1,1,1,1,0,0,2,1
698,Blocks,0,0,3,1,0,3,1.732051,3,NaN
699,Blocks,4,3,7,5,5,8,2.828427,2,0.8812908992306927
700,Blocks,0.5,0,2,1,1,2,1.414214,2,NaN
701,Blocks,0.5,0,2,1,1,2,1.414214,2,NaN
702,Blocks,0.5,0,2,1,1,2,1.414214,2,NaN
703,Blocks,1.25,1,2,1.5,1.5,0.5,0.7071068,2,0.9182958340544896
704,Blocks,0.25,0,1,0.5,0.5,0.5,0.7071068,2,NaN
705,Blocks,0.25,0,1,0.5,0.5,0.5,0.7071068,2,NaN
706,Blocks,5.25,5,6,5.5,5.5,0.5,0.7071068,2,0.9940302114769565
707,Blocks,-0.5,-1,1,0,0,2,1.414214,2,NaN
708,Blocks,0,0,1,0.3333333,0,0.3333333,0.5773503,3,NaN
709,Blocks,2.25,2,3,2.5,2.5,0.5,0.7071068,2,0.9709505944546686
710,Blocks,2.25,0,5,3,3.5,4.666667,2.160247,4,NaN
711,Blocks,0,0,0,0,0,0,0,2,NaN
712,Blocks,5,4,7,5.666667,6,2.333333,1.527525,3,0.9770358764490155
713,Blocks,2.5,1,7,4,4,18,4.242641,2,0.5435644431995964
714,Blocks,1.5,1,3,2,2,2,1.414214,2,0.8112781244591328
715,Blocks,0,0,0,0,0,0,0,2,NaN
716,Blocks,0.25,0,1,0.5,0.5,0.5,0.7071068,2,NaN
717,Blocks,0.5,0,1,0.6666667,1,0.3333333,0.5773503,3,NaN
718,Blocks,1.75,1,4,2.5,2.5,4.5,2.12132,2,0.7219280948873623
719,Blocks,1.5,1,3,2,2,2,1.414214,2,0.8112781244591328
720,Blocks,0.25,0,1,0.5,0.5,0.5,0.7071068,2,NaN
721,Blocks,4.25,4,5,4.5,4.5,0.5,0.7071068,2,0.9910760598382222
722,Blocks,0,0,0,0,0,0,0,2,NaN
723,Blocks,2.75,1,8,4.5,4.5,24.5,4.949747,2,0.5032583347756457
724,Blocks,0.5,0,1,0.6666667,1,0.3333333,0.5773503,3,NaN
725,Blocks,1,1,1,1,1,0,0,2,1
726,Blocks,0.5,0,2,1,1,2,1.414214,2,NaN
727,Blocks,2.5,2,11,5.333333,3,24.33333,4.932883,3,0.7567751872715527
728,Blocks,1,1,1,1,1,0,0,2,1
729,Blocks,1,1,1,1,1,0,0,2,1
730,Blocks,1.5,1,2,1.666667,2,0.3333333,0.5773503,3,0.9602297178607612
731,Blocks,0,0,0,0,0,0,0,2,NaN
732,Blocks,2,1,5,3,3,8,2.828427,2,0.6500224216483541
733,Blocks,1.75,1,4,2.5,2.5,4.5,2.12132,2,0.7219280948873623
734,Blocks,7.75,3,22,12.5,12.5,180.5,13.43503,2,0.5293608652873644
735,Blocks,4.5,1,15,8,8,98,9.899495,2,0.3372900666170139
736,Blocks,16.75,0,67,33.5,33.5,2244.5,47.37615,2,NaN
737,Blocks,6.75,3,18,10.5,10.5,112.5,10.6066,2,0.5916727785823275
738,Blocks,0,0,0,0,0,0,0,2,NaN
739,Blocks,0,0,0,0,0,0,0,2,NaN
740,Blocks,2,2,2,2,2,0,0,2,1
741,Blocks,3,2,6,4,4,8,2.828427,2,0.8112781244591328
742,Blocks,4,4,4,4,4,0,0,2,1
743,Blocks,0,0,2,0.8,1,0.7,0.83666,5,NaN
744,Blocks,5,5,5,5,5,0,0,2,1
745,Blocks,1.25,1,2,1.5,1.5,0.5,0.7071068,2,0.9182958340544896
746,Blocks,3,2,6,4,4,8,2.828427,2,0.8112781244591328
747,Blocks,1.25,1,2,1.5,1.5,0.5,0.7071068,2,0.9182958340544896
748,Blocks,0.25,0,1,0.5,0.5,0.5,0.7071068,2,NaN
749,Blocks,2.5,2,4,3,3,2,1.414214,2,0.9182958340544896
750,Blocks,2.75,2,5,3.5,3.5,4.5,2.12132,2,0.863120568566631
751,Blocks,0.5,0,2,1,1,2,1.414214,2,NaN
752,Blocks,2,2,2,2,2,0,0,2,1
753,Blocks,0,0,0,0,0,0,0,2,NaN
754,Blocks,0.25,0,1,0.5,0.5,0.5,0.7071068,2,NaN
755,Blocks,1,0,4,2,2,8,2.828427,2,NaN
756,Blocks,1.5,1,3,2,2,2,1.414214,2,0.8112781244591328
757,Blocks,1,0,4,2,2,8,2.828427,2,NaN
758,Blocks,5,4,8,6,6,8,2.828427,2,0.9182958340544896
759,Blocks,4.25,3,8,5.5,5.5,12.5,3.535534,2,0.8453509366224364
760,Blocks,24.5,5,83,44,44,3042,55.15433,2,0.31468260413466576
761,Blocks,8.75,4,23,13.5,13.5,180.5,13.43503,2,0.6051865766334206
762,Blocks,3.25,1,10,5.5,5.5,40.5,6.363961,2,0.4394969869215134
763,Blocks,2.25,1,6,3.5,3.5,12.5,3.535534,2,0.5916727785823275
764,Blocks,4,2,10,6,6,32,5.656854,2,0.6500224216483541
765,Blocks,0,0,435,118,18.5,44966,212.0519,4,NaN
766,Blocks,0,0,0,0,0,0,0,2,NaN
767,Blocks,19,9,49,29,29,800,28.28427,2,0.6226343162547098
768,Blocks,2.5,0,10,5,5,50,7.071068,2,NaN
769,Blocks,1.5,1,2,1.666667,2,0.3333333,0.5773503,3,0.9602297178607612
770,Blocks,0,0,2,0.6666667,0.5,0.6666667,0.8164966,6,NaN
771,Blocks,1,1,4,2,1,3,1.732051,3,0.7896900821428475
772,Blocks,0,0,0,0,0,0,0,2,NaN
773,Blocks,1,1,1,1,1,0,0,3,1
774,Blocks,1,1,2,1.2,1,0.2,0.4472136,5,0.9697238998682473
775,Blocks,1,1,1,1,1,0,0,2,1
776,Blocks,1.25,1,2,1.5,1.5,0.5,0.7071068,2,0.9182958340544896
777,Blocks,1,1,1,1,1,0,0,2,1
778,Blocks,0.5,0,2,1,1,2,1.414214,2,NaN
779,Blocks,0,0,0,0,0,0,0,2,NaN
780,Blocks,1.75,1,23,8,4,104.6667,10.23067,4,0.6007546875994026
781,Blocks,1.25,1,2,1.5,1.5,0.5,0.7071068,2,0.9182958340544896
782,Blocks,1,1,1,1,1,0,0,2,1
783,Blocks,0.25,0,1,0.5,0.5,0.5,0.7071068,2,NaN
784,Blocks,1.25,1,2,1.5,1.5,0.5,0.7071068,2,0.9182958340544896
785,Blocks,0,0,0,0,0,0,0,3,NaN
786,Blocks,0,0,0,0,0,0,0,2,NaN
787,Blocks,2.75,2,5,3.5,3.5,4.5,2.12132,2,0.863120568566631
788,Blocks,1,1,7,3,2,8,2.828427,4,0.7755490855036323
789,Blocks,1.25,1,2,1.5,1.5,0.5,0.7071068,2,0.9182958340544896
790,Blocks,1,1,1,1,1,0,0,2,1
791,Blocks,1.25,0,5,2.5,2.5,12.5,3.535534,2,NaN
792,Blocks,1,1,1,1,1,0,0,2,1
793,Blocks,1,1,1,1,1,0,0,2,1
794,Blocks,3.75,1,12,6.5,6.5,60.5,7.778175,2,0.39124356362925566
795,Blocks,0,0,0,0,0,0,0,2,NaN
796,Blocks,0.25,0,1,0.5,0.5,0.5,0.7071068,2,NaN
797,Blocks,2.25,1,6,3.5,3.5,12.5,3.535534,2,0.5916727785823275
798,Blocks,0.25,0,1,0.5,0.5,0.5,0.7071068,2,NaN
799,Blocks,0,0,0,0,0,0,0,2,NaN
800,Blocks,1,1,1,1,1,0,0,2,1
801,Blocks,0,0,0,0,0,0,0,2,NaN
802,Blocks,1.25,1,2,1.5,1.5,0.5,0.7071068,2,0.9182958340544896
803,Blocks,0.25,0,1,0.5,0.5,0.5,0.7071068,2,NaN
804,Blocks,1.5,1,3,2,2,2,1.414214,2,0.8112781244591328
805,Blocks,16.25,4,53,28.5,28.5,1200.5,34.64823,2,0.3665780125533459
806,Blocks,7.5,6,12,9,9,18,4.242641,2,0.9182958340544896
807,Blocks,14.75,2,53,27.5,27.5,1300.5,36.06245,2,0.225363639127395
808,Blocks,2.5,2,64,23,3,1261,35.51056,3,0.28102251311936427
809,Blocks,3,1,9,5,5,32,5.656854,2,0.4689955935892812
810,Blocks,50.25,1,198,99.5,99.5,19404.5,139.3,2,0.04560647594182623
811,Blocks,47.75,0,191,95.5,95.5,18240.5,135.0574,2,NaN
812,Blocks,1.25,1,2,1.5,1.5,0.5,0.7071068,2,0.9182958340544896
813,Blocks,3.75,3,6,4.5,4.5,4.5,2.12132,2,0.9182958340544896
814,Blocks,3,3,3,3,3,0,0,2,1
815,Blocks,1,1,1,1,1,0,0,2,1
816,Blocks,0,0,0,0,0,0,0,2,NaN
817,Blocks,1,1,1,1,1,0,0,3,1
818,Blocks,1,1,1,1,1,0,0,2,1
819,Blocks,1,1,1,1,1,0,0,2,1
820,Blocks,0,0,0,0,0,0,0,4,NaN
821,Blocks,2.5,2,4,3,3,1,1,3,0.9656336071428252
822,Blocks,0,0,0,0,0,0,0,2,NaN
823,Blocks,1.25,1,2,1.5,1.5,0.5,0.7071068,2,0.9182958340544896
824,Blocks,1.5,1,3,2,2,2,1.414214,2,0.8112781244591328
825,Blocks,1,1,1,1,1,0,0,2,1
826,Blocks,1.25,1,2,1.5,1.5,0.5,0.7071068,2,0.9182958340544896
827,Blocks,2.25,2,3,2.5,2.5,0.5,0.7071068,2,0.9709505944546686
828,Blocks,0,0,0,0,0,0,0,2,NaN
829,Blocks,2.25,2,3,2.5,2.5,0.5,0.7071068,2,0.9709505944546686
830,Blocks,6,6,6,6,6,0,0,2,1
831,Blocks,2.25,2,3,2.5,2.5,0.5,0.7071068,2,0.9709505944546686
832,Blocks,0.25,0,1,0.5,0.5,0.5,0.7071068,2,NaN
833,Blocks,3,3,3,3,3,0,0,3,1
834,Blocks,0,0,0,0,0,0,0,2,NaN
835,Blocks,-0.25,-1,2,0.5,0.5,4.5,2.12132,2,NaN
836,Blocks,0.25,0,1,0.5,0.5,0.5,0.7071068,2,NaN
837,Blocks,3,3,3,3,3,0,0,3,1
838,Blocks,0,0,0,0,0,0,0,2,NaN
839,Blocks,1,1,1,1,1,0,0,2,1
840,Blocks,2.25,2,3,2.5,2.5,0.5,0.7071068,2,0.9709505944546686
841,Blocks,0,0,0,0,0,0,0,2,NaN
842,Blocks,0.25,0,1,0.5,0.5,0.5,0.7071068,2,NaN
843,Blocks,2.25,2,3,2.5,2.5,0.5,0.7071068,2,0.9709505944546686
844,Blocks,1.75,1,4,2.5,2.5,4.5,2.12132,2,0.7219280948873623
845,Blocks,0.75,0,3,1.5,1.5,4.5,2.12132,2,NaN
846,Blocks,3.5,1,11,6,6,50,7.071068,2,0.41381685030363374
847,Blocks,6,6,6,6,6,0,0,2,1
848,Blocks,2,2,2,2,2,0,0,2,1
849,Blocks,2,2,2,2,2,0,0,2,1
850,Blocks,5,5,5,5,5,0,0,2,1
851,Blocks,1,1,1,1,1,0,0,2,1
852,Blocks,1,1,1,1,1,0,0,2,1
