X1,X2,X3,X4,X5,X6,X7,X8,X9,X10
5,Functions,1.00,1.00,1.00,1.00,1.00,0.00,0,2
6,Functions,7.00,7.00,7.00,7.00,7.00,0.00,0,2
14,Functions,0.00,0.00,0.00,0.00,0.00,0.00,0,2
21,Functions,4.00,4.00,4.00,4.00,4.00,0.00,0,2
28,Functions,43.00,43.00,43.00,43.00,43.00,0.00,0,2
31,Functions,1.00,1.00,1.00,1.00,1.00,0.00,0,2
33,Functions,0.00,0.00,0.00,0.00,0.00,0.00,0,2
44,Functions,0.00,0.00,0.00,0.00,0.00,0.00,0,2
51,Functions,1.00,1.00,1.00,1.00,1.00,0.00,0,3
53,Functions,2.00,2.00,2.00,2.00,2.00,0.00,0,2
56,Functions,2.00,2.00,2.00,2.00,2.00,0.00,0,2
58,Functions,2.00,2.00,2.00,2.00,2.00,0.00,0,2
61,Functions,11.00,11.00,11.00,11.00,11.00,0.00,0,2
63,Functions,1.00,1.00,1.00,1.00,1.00,0.00,0,2
78,Functions,0.00,0.00,0.00,0.00,0.00,0.00,0,2
89,Functions,1.00,1.00,1.00,1.00,1.00,0.00,0,2
90,Functions,1.00,1.00,1.00,1.00,1.00,0.00,0,2
99,Functions,0.00,0.00,0.00,0.00,0.00,0.00,0,2
107,Functions,72.00,72.00,72.00,72.00,72.00,0.00,0,2
108,Functions,1.00,1.00,1.00,1.00,1.00,0.00,0,2
109,Functions,3.00,3.00,3.00,3.00,3.00,0.00,0,2
114,Functions,0.00,0.00,0.00,0.00,0.00,0.00,0,2
116,Functions,0.00,0.00,0.00,0.00,0.00,0.00,0,3
120,Functions,1.00,1.00,1.00,1.00,1.00,0.00,0,5
122,Functions,6.00,6.00,6.00,6.00,6.00,0.00,0,2
125,Functions,2.00,2.00,2.00,2.00,2.00,0.00,0,2
129,Functions,4.00,4.00,4.00,4.00,4.00,0.00,0,2
133,Functions,0.00,0.00,0.00,0.00,0.00,0.00,0,2
140,Functions,0.00,0.00,0.00,0.00,0.00,0.00,0,2
145,Functions,4.00,4.00,4.00,4.00,4.00,0.00,0,2
152,Functions,2.00,2.00,2.00,2.00,2.00,0.00,0,2
179,Functions,225.00,225.00,225.00,225.00,225.00,0.00,0,2
181,Functions,1.00,1.00,1.00,1.00,1.00,0.00,0,3
191,Functions,2.00,2.00,2.00,2.00,2.00,0.00,0,2
192,Functions,4.00,4.00,4.00,4.00,4.00,0.00,0,2
214,Functions,1.00,1.00,1.00,1.00,1.00,0.00,0,2
218,Functions,3.00,3.00,3.00,3.00,3.00,0.00,0,2
228,Functions,3.00,3.00,3.00,3.00,3.00,0.00,0,2
238,Functions,11.00,11.00,11.00,11.00,11.00,0.00,0,2
246,Functions,1.00,1.00,1.00,1.00,1.00,0.00,0,2
247,Functions,1.00,1.00,1.00,1.00,1.00,0.00,0,2
248,Functions,1.00,1.00,1.00,1.00,1.00,0.00,0,2
249,Functions,2.00,2.00,2.00,2.00,2.00,0.00,0,2
254,Functions,1.00,1.00,1.00,1.00,1.00,0.00,0,2
262,Functions,1.00,1.00,1.00,1.00,1.00,0.00,0,2
272,Functions,0.00,0.00,0.00,0.00,0.00,0.00,0,2
287,Functions,1.00,1.00,1.00,1.00,1.00,0.00,0,4
292,Functions,2.00,2.00,2.00,2.00,2.00,0.00,0,2
296,Functions,1.00,1.00,1.00,1.00,1.00,0.00,0,2
298,Functions,0.00,0.00,0.00,0.00,0.00,0.00,0,2
302,Functions,0.00,0.00,0.00,0.00,0.00,0.00,0,3
309,Functions,1.00,1.00,1.00,1.00,1.00,0.00,0,2
312,Functions,0.00,0.00,0.00,0.00,0.00,0.00,0,3
319,Functions,0.00,0.00,0.00,0.00,0.00,0.00,0,2
324,Functions,0.00,0.00,0.00,0.00,0.00,0.00,0,2
327,Functions,1.00,1.00,1.00,1.00,1.00,0.00,0,2
332,Functions,0.00,0.00,0.00,0.00,0.00,0.00,0,2
341,Functions,0.00,0.00,0.00,0.00,0.00,0.00,0,2
342,Functions,9.00,9.00,9.00,9.00,9.00,0.00,0,2
364,Functions,3.00,3.00,3.00,3.00,3.00,0.00,0,2
372,Functions,3.00,3.00,3.00,3.00,3.00,0.00,0,2
377,Functions,2.00,2.00,2.00,2.00,2.00,0.00,0,2
379,Functions,0.00,0.00,0.00,0.00,0.00,0.00,0,2
380,Functions,2.00,2.00,2.00,2.00,2.00,0.00,0,2
390,Functions,1.00,1.00,1.00,1.00,1.00,0.00,0,2
391,Functions,1.00,1.00,1.00,1.00,1.00,0.00,0,2
392,Functions,1.00,1.00,1.00,1.00,1.00,0.00,0,2
393,Functions,1.00,1.00,1.00,1.00,1.00,0.00,0,2
394,Functions,1.00,1.00,1.00,1.00,1.00,0.00,0,2
395,Functions,1.00,1.00,1.00,1.00,1.00,0.00,0,2
404,Functions,0.00,0.00,0.00,0.00,0.00,0.00,0,5
405,Functions,0.00,0.00,0.00,0.00,0.00,0.00,0,4
407,Functions,1.00,1.00,1.00,1.00,1.00,0.00,0,2
410,Functions,0.00,0.00,0.00,0.00,0.00,0.00,0,2
413,Functions,0.00,0.00,0.00,0.00,0.00,0.00,0,2
431,Functions,3.00,3.00,3.00,3.00,3.00,0.00,0,2
433,Functions,4.00,4.00,4.00,4.00,4.00,0.00,0,3
434,Functions,4.00,4.00,4.00,4.00,4.00,0.00,0,3
437,Functions,2.00,2.00,2.00,2.00,2.00,0.00,0,2
441,Functions,5.00,5.00,5.00,5.00,5.00,0.00,0,3
442,Functions,2.00,2.00,2.00,2.00,2.00,0.00,0,2
445,Functions,3.00,3.00,3.00,3.00,3.00,0.00,0,2
451,Functions,2.00,2.00,2.00,2.00,2.00,0.00,0,2
454,Functions,2.00,2.00,2.00,2.00,2.00,0.00,0,2
462,Functions,2.00,2.00,2.00,2.00,2.00,0.00,0,3
481,Functions,0.00,0.00,0.00,0.00,0.00,0.00,0,3
490,Functions,3.00,3.00,3.00,3.00,3.00,0.00,0,2
497,Functions,0.00,0.00,0.00,0.00,0.00,0.00,0,2
503,Functions,2.00,2.00,2.00,2.00,2.00,0.00,0,2
528,Functions,4.00,4.00,4.00,4.00,4.00,0.00,0,2
531,Functions,1.00,1.00,1.00,1.00,1.00,0.00,0,3
532,Functions,1.00,1.00,1.00,1.00,1.00,0.00,0,2
542,Functions,0.00,0.00,0.00,0.00,0.00,0.00,0,2
546,Functions,1.00,1.00,1.00,1.00,1.00,0.00,0,2
555,Functions,0.00,0.00,0.00,0.00,0.00,0.00,0,3
557,Functions,1.00,1.00,1.00,1.00,1.00,0.00,0,2
558,Functions,1.00,1.00,1.00,1.00,1.00,0.00,0,2
570,Functions,1.00,1.00,1.00,1.00,1.00,0.00,0,2
589,Functions,2.00,2.00,2.00,2.00,2.00,0.00,0,2
596,Functions,9.00,9.00,9.00,9.00,9.00,0.00,0,2
597,Functions,0.00,0.00,0.00,0.00,0.00,0.00,0,2
604,Functions,3.00,3.00,3.00,3.00,3.00,0.00,0,2
607,Functions,1.00,1.00,1.00,1.00,1.00,0.00,0,2
634,Functions,17.00,17.00,17.00,17.00,17.00,0.00,0,2
650,Functions,1.00,1.00,1.00,1.00,1.00,0.00,0,2
656,Functions,0.00,0.00,0.00,0.00,0.00,0.00,0,8
659,Functions,3.00,3.00,3.00,3.00,3.00,0.00,0,2
660,Functions,3.00,3.00,3.00,3.00,3.00,0.00,0,2
661,Functions,3.00,3.00,3.00,3.00,3.00,0.00,0,2
670,Functions,1.00,1.00,1.00,1.00,1.00,0.00,0,3
675,Functions,5.00,5.00,5.00,5.00,5.00,0.00,0,2
683,Functions,2.00,2.00,2.00,2.00,2.00,0.00,0,2
699,Functions,1.00,1.00,1.00,1.00,1.00,0.00,0,2
710,Functions,1.00,1.00,1.00,1.00,1.00,0.00,0,2
711,Functions,3.00,3.00,3.00,3.00,3.00,0.00,0,2
712,Functions,0.00,0.00,0.00,0.00,0.00,0.00,0,2
715,Functions,0.00,0.00,0.00,0.00,0.00,0.00,0,2
724,Functions,2.00,2.00,2.00,2.00,2.00,0.00,0,2
729,Functions,0.00,0.00,0.00,0.00,0.00,0.00,0,2
739,Functions,0.00,0.00,0.00,0.00,0.00,0.00,0,2
745,Functions,2.00,2.00,2.00,2.00,2.00,0.00,0,2
748,Functions,0.00,0.00,0.00,0.00,0.00,0.00,0,2
753,Functions,8.00,8.00,8.00,8.00,8.00,0.00,0,2
763,Functions,2.00,2.00,2.00,2.00,2.00,0.00,0,2
765,Functions,6.00,6.00,6.00,6.00,6.00,0.00,0,2
766,Functions,41.00,41.00,41.00,41.00,41.00,0.00,0,3
771,Functions,0.00,0.00,0.00,0.00,0.00,0.00,0,4
776,Functions,3.00,3.00,3.00,3.00,3.00,0.00,0,2
778,Functions,0.00,0.00,0.00,0.00,0.00,0.00,0,3
781,Functions,0.00,0.00,0.00,0.00,0.00,0.00,0,2
783,Functions,0.00,0.00,0.00,0.00,0.00,0.00,0,2
792,Functions,0.00,0.00,0.00,0.00,0.00,0.00,0,2
793,Functions,1.00,1.00,1.00,1.00,1.00,0.00,0,2
799,Functions,1.00,1.00,1.00,1.00,1.00,0.00,0,2
800,Functions,1.00,1.00,1.00,1.00,1.00,0.00,0,2
801,Functions,0.00,0.00,0.00,0.00,0.00,0.00,0,2
816,Functions,3.00,3.00,3.00,3.00,3.00,0.00,0,2
817,Functions,1.00,1.00,1.00,1.00,1.00,0.00,0,2
819,Functions,1.00,1.00,1.00,1.00,1.00,0.00,0,2
826,Functions,1.00,1.00,1.00,1.00,1.00,0.00,0,2
835,Functions,5.00,5.00,5.00,5.00,5.00,0.00,0,2
837,Functions,1.00,1.00,1.00,1.00,1.00,0.00,0,2
838,Functions,1.00,1.00,1.00,1.00,1.00,0.00,0,2
844,Functions,8.00,8.00,8.00,8.00,8.00,0.00,0,5
845,Functions,1.00,1.00,1.00,1.00,1.00,0.00,0,2
847,Functions,2.00,2.00,2.00,2.00,2.00,0.00,0,2
851,Functions,1.00,1.00,1.00,1.00,1.00,0.00,0,2
852,Functions,1.00,1.00,1.00,1.00,1.00,0.00,0,2
856,Functions,6.00,6.00,6.00,6.00,6.00,0.00,0,2
860,Functions,7.00,7.00,7.00,7.00,7.00,0.00,0,2
862,Functions,1.00,1.00,1.00,1.00,1.00,0.00,0,2
865,Functions,1.00,1.00,1.00,1.00,1.00,0.00,0,2
871,Functions,11.00,11.00,11.00,11.00,11.00,0.00,0,2
875,Functions,2.00,2.00,2.00,2.00,2.00,0.00,0,2
877,Functions,1.00,1.00,1.00,1.00,1.00,0.00,0,2
882,Functions,0.00,0.00,0.00,0.00,0.00,0.00,0,2
885,Functions,1.00,1.00,1.00,1.00,1.00,0.00,0,2
889,Functions,0.00,0.00,0.00,0.00,0.00,0.00,0,2
893,Functions,3.00,3.00,3.00,3.00,3.00,0.00,0,2
895,Functions,1.00,1.00,1.00,1.00,1.00,0.00,0,2
903,Functions,1.00,1.00,1.00,1.00,1.00,0.00,0,2
907,Functions,1.00,1.00,1.00,1.00,1.00,0.00,0,2
914,Functions,1.00,1.00,1.00,1.00,1.00,0.00,0,2
916,Functions,2.00,2.00,2.00,2.00,2.00,0.00,0,2
917,Functions,4.00,4.00,4.00,4.00,4.00,0.00,0,2
920,Functions,2.00,2.00,2.00,2.00,2.00,0.00,0,2
923,Functions,1.00,1.00,1.00,1.00,1.00,0.00,0,2
929,Functions,5.00,5.00,5.00,5.00,5.00,0.00,0,2
930,Functions,0.00,0.00,0.00,0.00,0.00,0.00,0,2
931,Functions,0.00,0.00,0.00,0.00,0.00,0.00,0,2
934,Functions,0.00,0.00,0.00,0.00,0.00,0.00,0,3
936,Functions,1.00,1.00,1.00,1.00,1.00,0.00,0,2
945,Functions,3.00,3.00,3.00,3.00,3.00,0.00,0,2
947,Functions,2.00,2.00,2.00,2.00,2.00,0.00,0,2
948,Functions,0.00,0.00,0.00,0.00,0.00,0.00,0,2
950,Functions,0.00,0.00,0.00,0.00,0.00,0.00,0,2
960,Functions,0.00,0.00,0.00,0.00,0.00,0.00,0,2
961,Functions,1.00,1.00,1.00,1.00,1.00,0.00,0,2
964,Functions,2.00,2.00,2.00,2.00,2.00,0.00,0,3
969,Functions,3.00,3.00,3.00,3.00,3.00,0.00,0,2
973,Functions,1.00,1.00,1.00,1.00,1.00,0.00,0,2
976,Functions,4.00,4.00,4.00,4.00,4.00,0.00,0,2
977,Functions,4.00,4.00,4.00,4.00,4.00,0.00,0,2
980,Functions,2.00,2.00,2.00,2.00,2.00,0.00,0,2
985,Functions,3.00,3.00,3.00,3.00,3.00,0.00,0,2
986,Functions,2.00,2.00,2.00,2.00,2.00,0.00,0,2
991,Functions,4.00,4.00,4.00,4.00,4.00,0.00,0,2
992,Functions,3.00,3.00,3.00,3.00,3.00,0.00,0,2
993,Functions,2.00,2.00,2.00,2.00,2.00,0.00,0,2
994,Functions,2.00,2.00,2.00,2.00,2.00,0.00,0,2
999,Functions,1.00,1.00,1.00,1.00,1.00,0.00,0,2
1002,Functions,1.00,1.00,1.00,1.00,1.00,0.00,0,2
1003,Functions,1.00,1.00,1.00,1.00,1.00,0.00,0,2
1006,Functions,35.00,35.00,35.00,35.00,35.00,0.00,0,3
1009,Functions,1.00,1.00,1.00,1.00,1.00,0.00,0,2
1010,Functions,0.00,0.00,0.00,0.00,0.00,0.00,0,2
1012,Functions,19.00,19.00,19.00,19.00,19.00,0.00,0,2
1013,Functions,1.00,1.00,1.00,1.00,1.00,0.00,0,2
1025,Functions,1.00,1.00,1.00,1.00,1.00,0.00,0,2
1027,Functions,-1.00,-1.00,-1.00,-1.00,-1.00,0.00,0,2
1029,Functions,1.00,1.00,1.00,1.00,1.00,0.00,0,2
1030,Functions,0.00,0.00,0.00,0.00,0.00,0.00,0,2
1031,Functions,1.00,1.00,1.00,1.00,1.00,0.00,0,2
1033,Functions,2.00,2.00,2.00,2.00,2.00,0.00,0,3
1036,Functions,1.00,1.00,1.00,1.00,1.00,0.00,0,2
1037,Functions,0.00,0.00,0.00,0.00,0.00,0.00,0,2
1038,Functions,1.00,1.00,1.00,1.00,1.00,0.00,0,2
1045,Functions,2.00,2.00,2.00,2.00,2.00,0.00,0,2
1058,Functions,0.00,0.00,0.00,0.00,0.00,0.00,0,2
1059,Functions,4.00,4.00,4.00,4.00,4.00,0.00,0,2
1062,Functions,7.00,7.00,7.00,7.00,7.00,0.00,0,2
1066,Functions,2.00,2.00,2.00,2.00,2.00,0.00,0,2
1072,Functions,0.00,0.00,0.00,0.00,0.00,0.00,0,2
1075,Functions,-2.00,-2.00,-2.00,-2.00,-2.00,0.00,0,2
1077,Functions,1.00,1.00,1.00,1.00,1.00,0.00,0,2
1086,Functions,0.00,0.00,0.00,0.00,0.00,0.00,0,2
1089,Functions,0.00,0.00,0.00,0.00,0.00,0.00,0,2
1094,Functions,1.00,1.00,1.00,1.00,1.00,0.00,0,2
1104,Functions,0.00,0.00,0.00,0.00,0.00,0.00,0,5
1106,Functions,4.00,4.00,4.00,4.00,4.00,0.00,0,2
1107,Functions,1.00,1.00,1.00,1.00,1.00,0.00,0,2
1108,Functions,1.00,1.00,1.00,1.00,1.00,0.00,0,4
1109,Functions,1.00,1.00,1.00,1.00,1.00,0.00,0,2
1110,Functions,1.00,1.00,1.00,1.00,1.00,0.00,0,2
1111,Functions,1.00,1.00,1.00,1.00,1.00,0.00,0,2
1116,Functions,1.00,1.00,1.00,1.00,1.00,0.00,0,3
1122,Functions,5.00,5.00,5.00,5.00,5.00,0.00,0,2
1125,Functions,0.00,0.00,0.00,0.00,0.00,0.00,0,2
1129,Functions,0.00,0.00,0.00,0.00,0.00,0.00,0,4
1134,Functions,11.00,11.00,11.00,11.00,11.00,0.00,0,2
1135,Functions,0.00,0.00,0.00,0.00,0.00,0.00,0,2
1136,Functions,2.00,2.00,2.00,2.00,2.00,0.00,0,2
1138,Functions,0.00,0.00,0.00,0.00,0.00,0.00,0,2
1145,Functions,1.00,1.00,1.00,1.00,1.00,0.00,0,2
1146,Functions,1.00,1.00,1.00,1.00,1.00,0.00,0,2
1147,Functions,0.00,0.00,0.00,0.00,0.00,0.00,0,2
1155,Functions,2.00,2.00,2.00,2.00,2.00,0.00,0,2
1161,Functions,2.00,2.00,2.00,2.00,2.00,0.00,0,2
1170,Functions,1.00,1.00,1.00,1.00,1.00,0.00,0,2
1184,Functions,4.00,4.00,4.00,4.00,4.00,0.00,0,2
1196,Functions,1.00,1.00,1.00,1.00,1.00,0.00,0,3
1199,Functions,0.00,0.00,0.00,0.00,0.00,0.00,0,2
1201,Functions,2.00,2.00,2.00,2.00,2.00,0.00,0,2
1205,Functions,2.00,2.00,2.00,2.00,2.00,0.00,0,2
1206,Functions,2.00,2.00,2.00,2.00,2.00,0.00,0,2
1207,Functions,2.00,2.00,2.00,2.00,2.00,0.00,0,4
1208,Functions,0.00,0.00,0.00,0.00,0.00,0.00,0,2
1212,Functions,1.00,1.00,1.00,1.00,1.00,0.00,0,3
1219,Functions,1.00,1.00,1.00,1.00,1.00,0.00,0,2
1227,Functions,2.00,2.00,2.00,2.00,2.00,0.00,0,2
1252,Functions,0.00,0.00,0.00,0.00,0.00,0.00,0,2
1255,Functions,3.00,3.00,3.00,3.00,3.00,0.00,0,3
1260,Functions,0.00,0.00,0.00,0.00,0.00,0.00,0,2
1261,Functions,0.00,0.00,0.00,0.00,0.00,0.00,0,2
1262,Functions,3.00,3.00,3.00,3.00,3.00,0.00,0,2
1263,Functions,0.00,0.00,0.00,0.00,0.00,0.00,0,2
1267,Functions,0.00,0.00,0.00,0.00,0.00,0.00,0,2
1268,Functions,2.00,2.00,2.00,2.00,2.00,0.00,0,2
1270,Functions,0.00,0.00,0.00,0.00,0.00,0.00,0,2
1274,Functions,1.00,1.00,1.00,1.00,1.00,0.00,0,2
1277,Functions,1.00,1.00,1.00,1.00,1.00,0.00,0,2
1279,Functions,1.00,1.00,1.00,1.00,1.00,0.00,0,2
1281,Functions,1.00,1.00,1.00,1.00,1.00,0.00,0,2
1282,Functions,4.00,4.00,4.00,4.00,4.00,0.00,0,2
1283,Functions,1.00,1.00,1.00,1.00,1.00,0.00,0,2
1291,Functions,0.00,0.00,0.00,0.00,0.00,0.00,0,4
1294,Functions,3.00,3.00,3.00,3.00,3.00,0.00,0,2
1295,Functions,0.00,0.00,0.00,0.00,0.00,0.00,0,2
1300,Functions,1.00,1.00,1.00,1.00,1.00,0.00,0,2
1301,Functions,2.00,2.00,2.00,2.00,2.00,0.00,0,2
1302,Functions,3.00,3.00,3.00,3.00,3.00,0.00,0,2
1305,Functions,1.00,1.00,1.00,1.00,1.00,0.00,0,2
1306,Functions,-1.00,-1.00,-1.00,-1.00,-1.00,0.00,0,2
1310,Functions,0.00,0.00,0.00,0.00,0.00,0.00,0,2
1311,Functions,4.00,4.00,4.00,4.00,4.00,0.00,0,2
1314,Functions,3.00,3.00,3.00,3.00,3.00,0.00,0,2
1315,Functions,0.00,0.00,0.00,0.00,0.00,0.00,0,2
1316,Functions,0.00,0.00,0.00,0.00,0.00,0.00,0,2
1321,Functions,5.00,5.00,5.00,5.00,5.00,0.00,0,2
1329,Functions,0.00,0.00,0.00,0.00,0.00,0.00,0,2
1334,Functions,0.00,0.00,0.00,0.00,0.00,0.00,0,2
1337,Functions,0.00,0.00,0.00,0.00,0.00,0.00,0,2
1339,Functions,0.00,0.00,0.00,0.00,0.00,0.00,0,2
1340,Functions,1.00,1.00,1.00,1.00,1.00,0.00,0,2
1348,Functions,7.00,7.00,7.00,7.00,7.00,0.00,0,2
1349,Functions,0.00,0.00,0.00,0.00,0.00,0.00,0,2
1350,Functions,0.00,0.00,0.00,0.00,0.00,0.00,0,2
1353,Functions,2.00,2.00,2.00,2.00,2.00,0.00,0,2
1355,Functions,1.00,1.00,1.00,1.00,1.00,0.00,0,2
1357,Functions,0.00,0.00,0.00,0.00,0.00,0.00,0,2
1361,Functions,1.00,1.00,1.00,1.00,1.00,0.00,0,2
1367,Functions,0.00,0.00,0.00,0.00,0.00,0.00,0,2
1379,Functions,1.00,1.00,1.00,1.00,1.00,0.00,0,2
1382,Functions,1.00,1.00,1.00,1.00,1.00,0.00,0,2
1384,Functions,3.00,3.00,3.00,3.00,3.00,0.00,0,2
1388,Functions,3.00,3.00,3.00,3.00,3.00,0.00,0,2
1394,Functions,1.00,1.00,1.00,1.00,1.00,0.00,0,2
1398,Functions,1.00,1.00,1.00,1.00,1.00,0.00,0,2
1403,Functions,0.00,0.00,0.00,0.00,0.00,0.00,0,2
1404,Functions,1.00,1.00,1.00,1.00,1.00,0.00,0,2
1408,Functions,1.00,1.00,1.00,1.00,1.00,0.00,0,2
1409,Functions,2.00,2.00,2.00,2.00,2.00,0.00,0,2
1414,Functions,1.00,1.00,1.00,1.00,1.00,0.00,0,2
1417,Functions,1.00,1.00,1.00,1.00,1.00,0.00,0,2
1418,Functions,0.00,0.00,0.00,0.00,0.00,0.00,0,2
1419,Functions,0.00,0.00,0.00,0.00,0.00,0.00,0,2
1420,Functions,0.00,0.00,0.00,0.00,0.00,0.00,0,4
1421,Functions,0.00,0.00,0.00,0.00,0.00,0.00,0,8
1422,Functions,0.00,0.00,0.00,0.00,0.00,0.00,0,2
1423,Functions,0.00,0.00,0.00,0.00,0.00,0.00,0,2
1426,Functions,0.00,0.00,0.00,0.00,0.00,0.00,0,4
1427,Functions,0.00,0.00,0.00,0.00,0.00,0.00,0,3
1430,Functions,0.00,0.00,0.00,0.00,0.00,0.00,0,2
1432,Functions,0.00,0.00,0.00,0.00,0.00,0.00,0,2
1434,Functions,-1.00,-1.00,-1.00,-1.00,-1.00,0.00,0,2
1448,Functions,1.00,1.00,1.00,1.00,1.00,0.00,0,2
1452,Functions,0.00,0.00,0.00,0.00,0.00,0.00,0,2
1453,Functions,0.00,0.00,0.00,0.00,0.00,0.00,0,2
1454,Functions,0.00,0.00,0.00,0.00,0.00,0.00,0,2
1458,Functions,1.00,1.00,1.00,1.00,1.00,0.00,0,9
1460,Functions,2.00,2.00,2.00,2.00,2.00,0.00,0,2
1461,Functions,1.00,1.00,1.00,1.00,1.00,0.00,0,2
1465,Functions,2.00,2.00,2.00,2.00,2.00,0.00,0,2
1478,Functions,0.00,0.00,0.00,0.00,0.00,0.00,0,2
1479,Functions,0.00,0.00,0.00,0.00,0.00,0.00,0,2
1483,Functions,0.00,0.00,0.00,0.00,0.00,0.00,0,2
1484,Functions,0.00,0.00,0.00,0.00,0.00,0.00,0,2
1486,Functions,0.00,0.00,0.00,0.00,0.00,0.00,0,2
1490,Functions,1.00,1.00,1.00,1.00,1.00,0.00,0,2
1501,Functions,1.00,1.00,1.00,1.00,1.00,0.00,0,2
1506,Functions,2.00,2.00,2.00,2.00,2.00,0.00,0,2
1509,Functions,2.00,2.00,2.00,2.00,2.00,0.00,0,2
1515,Functions,2.00,2.00,2.00,2.00,2.00,0.00,0,2
1519,Functions,0.00,0.00,0.00,0.00,0.00,0.00,0,2
1522,Functions,1.00,1.00,1.00,1.00,1.00,0.00,0,2
1524,Functions,0.00,0.00,0.00,0.00,0.00,0.00,0,3
1527,Functions,3.00,3.00,3.00,3.00,3.00,0.00,0,2
1535,Functions,4.00,4.00,4.00,4.00,4.00,0.00,0,2
1539,Functions,10.00,10.00,10.00,10.00,10.00,0.00,0,2
1540,Functions,10.00,10.00,10.00,10.00,10.00,0.00,0,2
1541,Functions,1.00,1.00,1.00,1.00,1.00,0.00,0,2
1546,Functions,8.00,8.00,8.00,8.00,8.00,0.00,0,2
1549,Functions,0.00,0.00,0.00,0.00,0.00,0.00,0,2
1553,Functions,4.00,4.00,4.00,4.00,4.00,0.00,0,2
1555,Functions,0.00,0.00,0.00,0.00,0.00,0.00,0,2
1556,Functions,2.00,2.00,2.00,2.00,2.00,0.00,0,2
1557,Functions,0.00,0.00,0.00,0.00,0.00,0.00,0,2
1559,Functions,3.00,3.00,3.00,3.00,3.00,0.00,0,2
1560,Functions,1.00,1.00,1.00,1.00,1.00,0.00,0,2
1563,Functions,2.00,2.00,2.00,2.00,2.00,0.00,0,2
1565,Functions,0.00,0.00,0.00,0.00,0.00,0.00,0,2
1566,Functions,0.00,0.00,0.00,0.00,0.00,0.00,0,2
1567,Functions,1.00,1.00,1.00,1.00,1.00,0.00,0,2
1571,Functions,8.00,8.00,8.00,8.00,8.00,0.00,0,2
1574,Functions,1.00,1.00,1.00,1.00,1.00,0.00,0,2
1580,Functions,11.00,11.00,11.00,11.00,11.00,0.00,0,2
1591,Functions,0.00,0.00,0.00,0.00,0.00,0.00,0,3
1596,Functions,1.00,1.00,1.00,1.00,1.00,0.00,0,2
1598,Functions,1.00,1.00,1.00,1.00,1.00,0.00,0,2
1601,Functions,1.00,1.00,1.00,1.00,1.00,0.00,0,5
1606,Functions,2.00,2.00,2.00,2.00,2.00,0.00,0,2
1608,Functions,2.00,2.00,2.00,2.00,2.00,0.00,0,2
1612,Functions,2.00,2.00,2.00,2.00,2.00,0.00,0,2
1621,Functions,3.00,3.00,3.00,3.00,3.00,0.00,0,2
1622,Functions,2.00,2.00,2.00,2.00,2.00,0.00,0,2
1624,Functions,7.00,7.00,7.00,7.00,7.00,0.00,0,2
1625,Functions,1.00,1.00,1.00,1.00,1.00,0.00,0,2
1626,Functions,3.00,3.00,3.00,3.00,3.00,0.00,0,2
1629,Functions,0.00,0.00,0.00,0.00,0.00,0.00,0,2
1632,Functions,0.00,0.00,0.00,0.00,0.00,0.00,0,2
1633,Functions,1.00,1.00,1.00,1.00,1.00,0.00,0,4
1638,Functions,0.00,0.00,0.00,0.00,0.00,0.00,0,3
1641,Functions,1.00,1.00,1.00,1.00,1.00,0.00,0,2
1642,Functions,1.00,1.00,1.00,1.00,1.00,0.00,0,2
1644,Functions,0.00,0.00,0.00,0.00,0.00,0.00,0,2
1645,Functions,4.00,4.00,4.00,4.00,4.00,0.00,0,2
1646,Functions,0.00,0.00,0.00,0.00,0.00,0.00,0,2
1648,Functions,2.00,2.00,2.00,2.00,2.00,0.00,0,2
1649,Functions,0.00,0.00,0.00,0.00,0.00,0.00,0,2
1652,Functions,0.00,0.00,0.00,0.00,0.00,0.00,0,2
1653,Functions,0.00,0.00,0.00,0.00,0.00,0.00,0,2
1654,Functions,0.00,0.00,0.00,0.00,0.00,0.00,0,2
1658,Functions,1.00,1.00,1.00,1.00,1.00,0.00,0,2
1659,Functions,0.00,0.00,0.00,0.00,0.00,0.00,0,2
1661,Functions,2.00,2.00,2.00,2.00,2.00,0.00,0,2
1664,Functions,7.00,7.00,7.00,7.00,7.00,0.00,0,2
1672,Functions,0.00,0.00,0.00,0.00,0.00,0.00,0,2
1674,Functions,1.00,1.00,1.00,1.00,1.00,0.00,0,2
1678,Functions,1.00,1.00,1.00,1.00,1.00,0.00,0,2
1684,Functions,4.00,4.00,4.00,4.00,4.00,0.00,0,2
1685,Functions,4.00,4.00,4.00,4.00,4.00,0.00,0,2
1687,Functions,0.00,0.00,0.00,0.00,0.00,0.00,0,2
1691,Functions,1.00,1.00,1.00,1.00,1.00,0.00,0,2
1695,Functions,0.00,0.00,0.00,0.00,0.00,0.00,0,2
1696,Functions,2.00,2.00,2.00,2.00,2.00,0.00,0,2
1702,Functions,4.00,4.00,4.00,4.00,4.00,0.00,0,2
1704,Functions,17.00,17.00,17.00,17.00,17.00,0.00,0,2
1705,Functions,19.00,19.00,19.00,19.00,19.00,0.00,0,2
1713,Functions,1.00,1.00,1.00,1.00,1.00,0.00,0,2
1717,Functions,1.00,1.00,1.00,1.00,1.00,0.00,0,2
1718,Functions,1.00,1.00,1.00,1.00,1.00,0.00,0,2
1720,Functions,1.00,1.00,1.00,1.00,1.00,0.00,0,2
1723,Functions,0.00,0.00,0.00,0.00,0.00,0.00,0,3
1731,Functions,3.00,3.00,3.00,3.00,3.00,0.00,0,2
1733,Functions,0.00,0.00,0.00,0.00,0.00,0.00,0,2
1735,Functions,22.00,22.00,22.00,22.00,22.00,0.00,0,2
1738,Functions,2.00,2.00,2.00,2.00,2.00,0.00,0,2
1739,Functions,1.00,1.00,1.00,1.00,1.00,0.00,0,3
1741,Functions,0.00,0.00,0.00,0.00,0.00,0.00,0,2
1749,Functions,1.00,1.00,1.00,1.00,1.00,0.00,0,2
1750,Functions,1.00,1.00,1.00,1.00,1.00,0.00,0,2
1751,Functions,0.00,0.00,0.00,0.00,0.00,0.00,0,3
1753,Functions,1.00,1.00,1.00,1.00,1.00,0.00,0,2
1754,Functions,2.00,2.00,2.00,2.00,2.00,0.00,0,2
1758,Functions,1.00,1.00,1.00,1.00,1.00,0.00,0,2
1759,Functions,1.00,1.00,1.00,1.00,1.00,0.00,0,2
1761,Functions,2.00,2.00,2.00,2.00,2.00,0.00,0,2
1763,Functions,1.00,1.00,1.00,1.00,1.00,0.00,0,2
1765,Functions,0.00,0.00,0.00,0.00,0.00,0.00,0,2
1768,Functions,1.00,1.00,1.00,1.00,1.00,0.00,0,2
1770,Functions,3.00,3.00,3.00,3.00,3.00,0.00,0,2
1771,Functions,4.00,4.00,4.00,4.00,4.00,0.00,0,2
1774,Functions,8.00,8.00,8.00,8.00,8.00,0.00,0,2
1783,Functions,0.00,0.00,0.00,0.00,0.00,0.00,0,2
1787,Functions,0.00,0.00,0.00,0.00,0.00,0.00,0,2
1793,Functions,1.00,1.00,1.00,1.00,1.00,0.00,0,2
1794,Functions,6.00,6.00,6.00,6.00,6.00,0.00,0,4
1800,Functions,2.00,2.00,2.00,2.00,2.00,0.00,0,4
1801,Functions,0.00,0.00,0.00,0.00,0.00,0.00,0,2
1802,Functions,0.00,0.00,0.00,0.00,0.00,0.00,0,2
1805,Functions,1.00,1.00,1.00,1.00,1.00,0.00,0,2
1806,Functions,4.00,4.00,4.00,4.00,4.00,0.00,0,2
1810,Functions,0.00,0.00,0.00,0.00,0.00,0.00,0,2
1811,Functions,0.00,0.00,0.00,0.00,0.00,0.00,0,2
1820,Functions,0.00,0.00,0.00,0.00,0.00,0.00,0,2
1826,Functions,0.00,0.00,0.00,0.00,0.00,0.00,0,2
1827,Functions,2.00,2.00,2.00,2.00,2.00,0.00,0,3
1830,Functions,2.00,2.00,2.00,2.00,2.00,0.00,0,2
1833,Functions,2.00,2.00,2.00,2.00,2.00,0.00,0,2
1835,Functions,0.00,0.00,0.00,0.00,0.00,0.00,0,2
1837,Functions,2.00,2.00,2.00,2.00,2.00,0.00,0,2
1838,Functions,0.00,0.00,0.00,0.00,0.00,0.00,0,2
1839,Functions,1.00,1.00,1.00,1.00,1.00,0.00,0,2
1841,Functions,3.00,3.00,3.00,3.00,3.00,0.00,0,2
1842,Functions,1.00,1.00,1.00,1.00,1.00,0.00,0,2
1843,Functions,1.00,1.00,1.00,1.00,1.00,0.00,0,2
1846,Functions,3.00,3.00,3.00,3.00,3.00,0.00,0,2
1848,Functions,4.00,4.00,4.00,4.00,4.00,0.00,0,2
1849,Functions,4.00,4.00,4.00,4.00,4.00,0.00,0,2
1851,Functions,2.00,2.00,2.00,2.00,2.00,0.00,0,2
1854,Functions,4.00,4.00,4.00,4.00,4.00,0.00,0,2
1866,Functions,2.00,2.00,2.00,2.00,2.00,0.00,0,6
1868,Functions,3.00,3.00,3.00,3.00,3.00,0.00,0,2
1886,Functions,4.00,4.00,4.00,4.00,4.00,0.00,0,2
1887,Functions,2.00,2.00,2.00,2.00,2.00,0.00,0,2
1888,Functions,7.00,7.00,7.00,7.00,7.00,0.00,0,2
1897,Functions,1.00,1.00,1.00,1.00,1.00,0.00,0,2
1899,Functions,4.00,4.00,4.00,4.00,4.00,0.00,0,2
1907,Functions,42.00,42.00,42.00,42.00,42.00,0.00,0,2
1908,Functions,16.00,16.00,16.00,16.00,16.00,0.00,0,2
1909,Functions,1.00,1.00,1.00,1.00,1.00,0.00,0,2
1910,Functions,6.00,6.00,6.00,6.00,6.00,0.00,0,2
1914,Functions,34.00,34.00,34.00,34.00,34.00,0.00,0,3
1915,Functions,34.00,34.00,34.00,34.00,34.00,0.00,0,2
1917,Functions,5.00,5.00,5.00,5.00,5.00,0.00,0,6
1919,Functions,2.00,2.00,2.00,2.00,2.00,0.00,0,2
1920,Functions,25.00,25.00,25.00,25.00,25.00,0.00,0,2
1922,Functions,5.00,5.00,5.00,5.00,5.00,0.00,0,2
1925,Functions,0.00,0.00,0.00,0.00,0.00,0.00,0,2
1942,Functions,4.00,4.00,4.00,4.00,4.00,0.00,0,2
1943,Functions,4.00,4.00,4.00,4.00,4.00,0.00,0,2
1945,Functions,5.00,5.00,5.00,5.00,5.00,0.00,0,2
1948,Functions,6.00,6.00,6.00,6.00,6.00,0.00,0,2
1960,Functions,4.00,4.00,4.00,4.00,4.00,0.00,0,2
1965,Functions,0.00,0.00,0.00,0.00,0.00,0.00,0,2
1968,Functions,5.00,5.00,5.00,5.00,5.00,0.00,0,2
1969,Functions,1.00,1.00,1.00,1.00,1.00,0.00,0,2
1977,Functions,8.00,8.00,8.00,8.00,8.00,0.00,0,3
1978,Functions,8.00,8.00,8.00,8.00,8.00,0.00,0,2
1983,Functions,2.00,2.00,2.00,2.00,2.00,0.00,0,2
1988,Functions,1.00,1.00,1.00,1.00,1.00,0.00,0,2
1994,Functions,0.00,0.00,0.00,0.00,0.00,0.00,0,2
1996,Functions,0.00,0.00,0.00,0.00,0.00,0.00,0,4
2004,Functions,3.00,3.00,3.00,3.00,3.00,0.00,0,2
2010,Functions,1.00,1.00,1.00,1.00,1.00,0.00,0,2
2015,Functions,0.00,0.00,0.00,0.00,0.00,0.00,0,2
2016,Functions,1.00,1.00,1.00,1.00,1.00,0.00,0,2
2017,Functions,3.00,3.00,3.00,3.00,3.00,0.00,0,2
2021,Functions,2.00,2.00,2.00,2.00,2.00,0.00,0,2
2025,Functions,6.00,6.00,6.00,6.00,6.00,0.00,0,2
2033,Functions,2.00,2.00,2.00,2.00,2.00,0.00,0,2
2036,Functions,4.00,4.00,4.00,4.00,4.00,0.00,0,2
2038,Functions,1.00,1.00,1.00,1.00,1.00,0.00,0,3
2046,Functions,0.00,0.00,0.00,0.00,0.00,0.00,0,2
2048,Functions,4.00,4.00,4.00,4.00,4.00,0.00,0,2
2050,Functions,32.00,32.00,32.00,32.00,32.00,0.00,0,2
2051,Functions,32.00,32.00,32.00,32.00,32.00,0.00,0,2
2055,Functions,1.00,1.00,1.00,1.00,1.00,0.00,0,2
2063,Functions,2.00,2.00,2.00,2.00,2.00,0.00,0,2
2073,Functions,40.00,40.00,40.00,40.00,40.00,0.00,0,2
2075,Functions,3.00,3.00,3.00,3.00,3.00,0.00,0,2
2079,Functions,1.00,1.00,1.00,1.00,1.00,0.00,0,2
2083,Functions,2.00,2.00,2.00,2.00,2.00,0.00,0,2
2088,Functions,0.00,0.00,0.00,0.00,0.00,0.00,0,2
2092,Functions,5.00,5.00,5.00,5.00,5.00,0.00,0,4
2095,Functions,0.00,0.00,0.00,0.00,0.00,0.00,0,2
2097,Functions,3.00,3.00,3.00,3.00,3.00,0.00,0,2
2102,Functions,7.00,7.00,7.00,7.00,7.00,0.00,0,2
2103,Functions,7.00,7.00,7.00,7.00,7.00,0.00,0,2
2104,Functions,7.00,7.00,7.00,7.00,7.00,0.00,0,2
2106,Functions,1.00,1.00,1.00,1.00,1.00,0.00,0,2
2107,Functions,1.00,1.00,1.00,1.00,1.00,0.00,0,2
2108,Functions,2.00,2.00,2.00,2.00,2.00,0.00,0,3
2113,Functions,3.00,3.00,3.00,3.00,3.00,0.00,0,2
2115,Functions,4.00,4.00,4.00,4.00,4.00,0.00,0,2
2119,Functions,1.00,1.00,1.00,1.00,1.00,0.00,0,4
2122,Functions,10.00,10.00,10.00,10.00,10.00,0.00,0,2
2123,Functions,0.00,0.00,0.00,0.00,0.00,0.00,0,2
2125,Functions,3.00,3.00,3.00,3.00,3.00,0.00,0,2
2126,Functions,0.00,0.00,0.00,0.00,0.00,0.00,0,2
2129,Functions,1.00,1.00,1.00,1.00,1.00,0.00,0,2
2136,Functions,5.00,5.00,5.00,5.00,5.00,0.00,0,2
2137,Functions,1.00,1.00,1.00,1.00,1.00,0.00,0,2
2139,Functions,2.00,2.00,2.00,2.00,2.00,0.00,0,2
2142,Functions,5.00,5.00,5.00,5.00,5.00,0.00,0,3
2144,Functions,2.00,2.00,2.00,2.00,2.00,0.00,0,2
2145,Functions,8.00,8.00,8.00,8.00,8.00,0.00,0,2
2151,Functions,14.00,14.00,14.00,14.00,14.00,0.00,0,2
2152,Functions,14.00,14.00,14.00,14.00,14.00,0.00,0,2
2153,Functions,62.00,62.00,62.00,62.00,62.00,0.00,0,2
2154,Functions,46.00,46.00,46.00,46.00,46.00,0.00,0,2
2160,Functions,6.00,6.00,6.00,6.00,6.00,0.00,0,2
2163,Functions,29.00,29.00,29.00,29.00,29.00,0.00,0,5
2165,Functions,5.00,5.00,5.00,5.00,5.00,0.00,0,2
2168,Functions,11.00,11.00,11.00,11.00,11.00,0.00,0,2
2175,Functions,93.00,93.00,93.00,93.00,93.00,0.00,0,2
2177,Functions,1.00,1.00,1.00,1.00,1.00,0.00,0,2
2179,Functions,2.00,2.00,2.00,2.00,2.00,0.00,0,2
2181,Functions,15.00,15.00,15.00,15.00,15.00,0.00,0,2
2184,Functions,8.00,8.00,8.00,8.00,8.00,0.00,0,2
2186,Functions,3.00,3.00,3.00,3.00,3.00,0.00,0,2
2187,Functions,0.00,0.00,0.00,0.00,0.00,0.00,0,2
2188,Functions,4.00,4.00,4.00,4.00,4.00,0.00,0,2
2190,Functions,0.00,0.00,0.00,0.00,0.00,0.00,0,2
2193,Functions,1.00,1.00,1.00,1.00,1.00,0.00,0,2
2195,Functions,0.00,0.00,0.00,0.00,0.00,0.00,0,2
2206,Functions,0.00,0.00,0.00,0.00,0.00,0.00,0,2
2214,Functions,1.00,1.00,1.00,1.00,1.00,0.00,0,2
2220,Functions,1.00,1.00,1.00,1.00,1.00,0.00,0,2
2221,Functions,2.00,2.00,2.00,2.00,2.00,0.00,0,2
2224,Functions,1.00,1.00,1.00,1.00,1.00,0.00,0,2
2228,Functions,0.00,0.00,0.00,0.00,0.00,0.00,0,6
2232,Functions,1.00,1.00,1.00,1.00,1.00,0.00,0,2
2234,Functions,2.00,2.00,2.00,2.00,2.00,0.00,0,2
2238,Functions,2.00,2.00,2.00,2.00,2.00,0.00,0,2
2239,Functions,2.00,2.00,2.00,2.00,2.00,0.00,0,2
2240,Functions,1.00,1.00,1.00,1.00,1.00,0.00,0,2
2244,Functions,1.00,1.00,1.00,1.00,1.00,0.00,0,2
2245,Functions,0.00,0.00,0.00,0.00,0.00,0.00,0,2
2248,Functions,0.00,0.00,0.00,0.00,0.00,0.00,0,2
2250,Functions,1.00,1.00,1.00,1.00,1.00,0.00,0,2
2251,Functions,2.00,2.00,2.00,2.00,2.00,0.00,0,2
2252,Functions,0.00,0.00,0.00,0.00,0.00,0.00,0,5
2258,Functions,1.00,1.00,1.00,1.00,1.00,0.00,0,2
2260,Functions,1.00,1.00,1.00,1.00,1.00,0.00,0,2
2262,Functions,0.00,0.00,0.00,0.00,0.00,0.00,0,2
2264,Functions,0.00,0.00,0.00,0.00,0.00,0.00,0,2
2265,Functions,0.00,0.00,0.00,0.00,0.00,0.00,0,2
2270,Functions,0.00,0.00,0.00,0.00,0.00,0.00,0,3
2271,Functions,0.00,0.00,0.00,0.00,0.00,0.00,0,2
2273,Functions,3.00,3.00,3.00,3.00,3.00,0.00,0,2
2277,Functions,1.00,1.00,1.00,1.00,1.00,0.00,0,2
2282,Functions,1.00,1.00,1.00,1.00,1.00,0.00,0,2
2285,Functions,2.00,2.00,2.00,2.00,2.00,0.00,0,2
2286,Functions,0.00,0.00,0.00,0.00,0.00,0.00,0,2
2287,Functions,3.00,3.00,3.00,3.00,3.00,0.00,0,2
2289,Functions,0.00,0.00,0.00,0.00,0.00,0.00,0,2
2291,Functions,1.00,1.00,1.00,1.00,1.00,0.00,0,2
2293,Functions,0.00,0.00,0.00,0.00,0.00,0.00,0,2
2294,Functions,3.00,3.00,3.00,3.00,3.00,0.00,0,2
2300,Functions,4.00,4.00,4.00,4.00,4.00,0.00,0,2
2301,Functions,1.00,1.00,1.00,1.00,1.00,0.00,0,2
2304,Functions,2.00,2.00,2.00,2.00,2.00,0.00,0,2
2305,Functions,0.00,0.00,0.00,0.00,0.00,0.00,0,2
2311,Functions,4.00,4.00,4.00,4.00,4.00,0.00,0,3
2312,Functions,1.00,1.00,1.00,1.00,1.00,0.00,0,2
2315,Functions,2.00,2.00,2.00,2.00,2.00,0.00,0,3
2317,Functions,0.00,0.00,0.00,0.00,0.00,0.00,0,2
2319,Functions,1.00,1.00,1.00,1.00,1.00,0.00,0,2
2320,Functions,1.00,1.00,1.00,1.00,1.00,0.00,0,2
2322,Functions,1.00,1.00,1.00,1.00,1.00,0.00,0,4
2324,Functions,0.00,0.00,0.00,0.00,0.00,0.00,0,2
2326,Functions,0.00,0.00,0.00,0.00,0.00,0.00,0,2
2329,Functions,0.00,0.00,0.00,0.00,0.00,0.00,0,2
2330,Functions,0.00,0.00,0.00,0.00,0.00,0.00,0,2
2336,Functions,1.00,1.00,1.00,1.00,1.00,0.00,0,2
2337,Functions,1.00,1.00,1.00,1.00,1.00,0.00,0,2
2338,Functions,2.00,2.00,2.00,2.00,2.00,0.00,0,2
2339,Functions,4.00,4.00,4.00,4.00,4.00,0.00,0,2
2340,Functions,1.00,1.00,1.00,1.00,1.00,0.00,0,2
2347,Functions,0.00,0.00,0.00,0.00,0.00,0.00,0,2
2348,Functions,2.00,2.00,2.00,2.00,2.00,0.00,0,3
2351,Functions,1.00,1.00,1.00,1.00,1.00,0.00,0,2
2353,Functions,3.00,3.00,3.00,3.00,3.00,0.00,0,2
2355,Functions,2.00,2.00,2.00,2.00,2.00,0.00,0,2
2357,Functions,1.00,1.00,1.00,1.00,1.00,0.00,0,2
2361,Functions,5.00,5.00,5.00,5.00,5.00,0.00,0,2
2362,Functions,5.00,5.00,5.00,5.00,5.00,0.00,0,3
2364,Functions,0.00,0.00,0.00,0.00,0.00,0.00,0,2
2365,Functions,4.00,4.00,4.00,4.00,4.00,0.00,0,2
2367,Functions,1.00,1.00,1.00,1.00,1.00,0.00,0,2
2368,Functions,1.00,1.00,1.00,1.00,1.00,0.00,0,3
2369,Functions,1.00,1.00,1.00,1.00,1.00,0.00,0,2
2370,Functions,1.00,1.00,1.00,1.00,1.00,0.00,0,2
2373,Functions,0.00,0.00,0.00,0.00,0.00,0.00,0,2
2374,Functions,0.00,0.00,0.00,0.00,0.00,0.00,0,2
2375,Functions,0.00,0.00,0.00,0.00,0.00,0.00,0,2
2376,Functions,0.00,0.00,0.00,0.00,0.00,0.00,0,2
2378,Functions,1.00,1.00,1.00,1.00,1.00,0.00,0,3
2381,Functions,0.00,0.00,0.00,0.00,0.00,0.00,0,2
2382,Functions,1.00,1.00,1.00,1.00,1.00,0.00,0,2
2383,Functions,0.00,0.00,0.00,0.00,0.00,0.00,0,2
2384,Functions,0.00,0.00,0.00,0.00,0.00,0.00,0,2
2388,Functions,0.00,0.00,0.00,0.00,0.00,0.00,0,2
2390,Functions,0.00,0.00,0.00,0.00,0.00,0.00,0,2
2391,Functions,0.00,0.00,0.00,0.00,0.00,0.00,0,2
2392,Functions,0.00,0.00,0.00,0.00,0.00,0.00,0,2
2396,Functions,3.00,3.00,3.00,3.00,3.00,0.00,0,2
2397,Functions,1.00,1.00,1.00,1.00,1.00,0.00,0,2
2398,Functions,0.00,0.00,0.00,0.00,0.00,0.00,0,2
2399,Functions,1.00,1.00,1.00,1.00,1.00,0.00,0,4
2402,Functions,1.00,1.00,1.00,1.00,1.00,0.00,0,2
2405,Functions,1.00,1.00,1.00,1.00,1.00,0.00,0,2
2409,Functions,0.00,0.00,0.00,0.00,0.00,0.00,0,3
2410,Functions,0.00,0.00,0.00,0.00,0.00,0.00,0,2
2414,Functions,2.00,2.00,2.00,2.00,2.00,0.00,0,2
2415,Functions,1.00,1.00,1.00,1.00,1.00,0.00,0,2
2416,Functions,1.00,1.00,1.00,1.00,1.00,0.00,0,2
2417,Functions,0.00,0.00,0.00,0.00,0.00,0.00,0,2
2418,Functions,0.00,0.00,0.00,0.00,0.00,0.00,0,2
2420,Functions,0.00,0.00,0.00,0.00,0.00,0.00,0,2
2425,Functions,2.00,2.00,2.00,2.00,2.00,0.00,0,2
2426,Functions,11.00,11.00,11.00,11.00,11.00,0.00,0,2
2429,Functions,5.00,5.00,5.00,5.00,5.00,0.00,0,2
2430,Functions,5.00,5.00,5.00,5.00,5.00,0.00,0,2
2432,Functions,22.00,22.00,22.00,22.00,22.00,0.00,0,2
2434,Functions,2.00,2.00,2.00,2.00,2.00,0.00,0,2
2438,Functions,2.00,2.00,2.00,2.00,2.00,0.00,0,2
2443,Functions,37.00,37.00,37.00,37.00,37.00,0.00,0,2
2444,Functions,15.00,15.00,15.00,15.00,15.00,0.00,0,2
2446,Functions,1.00,1.00,1.00,1.00,1.00,0.00,0,3
2451,Functions,24.00,24.00,24.00,24.00,24.00,0.00,0,2
2453,Functions,4.00,4.00,4.00,4.00,4.00,0.00,0,2
2461,Functions,1.00,1.00,1.00,1.00,1.00,0.00,0,2
2469,Functions,2.00,2.00,2.00,2.00,2.00,0.00,0,2
2470,Functions,24.00,24.00,24.00,24.00,24.00,0.00,0,2
2471,Functions,0.00,0.00,0.00,0.00,0.00,0.00,0,2
2474,Functions,4.00,4.00,4.00,4.00,4.00,0.00,0,2
2476,Functions,0.00,0.00,0.00,0.00,0.00,0.00,0,2
2478,Functions,0.00,0.00,0.00,0.00,0.00,0.00,0,2
2487,Functions,1.00,1.00,1.00,1.00,1.00,0.00,0,2
2488,Functions,0.00,0.00,0.00,0.00,0.00,0.00,0,2
2491,Functions,0.00,0.00,0.00,0.00,0.00,0.00,0,2
2492,Functions,0.00,0.00,0.00,0.00,0.00,0.00,0,2
2494,Functions,1.00,1.00,1.00,1.00,1.00,0.00,0,2
2498,Functions,0.00,0.00,0.00,0.00,0.00,0.00,0,3
2499,Functions,1.00,1.00,1.00,1.00,1.00,0.00,0,3
2500,Functions,1.00,1.00,1.00,1.00,1.00,0.00,0,2
2501,Functions,0.00,0.00,0.00,0.00,0.00,0.00,0,2
2502,Functions,2.00,2.00,2.00,2.00,2.00,0.00,0,2
2503,Functions,2.00,2.00,2.00,2.00,2.00,0.00,0,2
2504,Functions,0.00,0.00,0.00,0.00,0.00,0.00,0,2
2507,Functions,1.00,1.00,1.00,1.00,1.00,0.00,0,2
2509,Functions,1.00,1.00,1.00,1.00,1.00,0.00,0,3
2511,Functions,3.00,3.00,3.00,3.00,3.00,0.00,0,2
2512,Functions,3.00,3.00,3.00,3.00,3.00,0.00,0,2
2514,Functions,0.00,0.00,0.00,0.00,0.00,0.00,0,2
2517,Functions,0.00,0.00,0.00,0.00,0.00,0.00,0,2
2518,Functions,0.00,0.00,0.00,0.00,0.00,0.00,0,2
2519,Functions,0.00,0.00,0.00,0.00,0.00,0.00,0,2
2520,Functions,5.00,5.00,5.00,5.00,5.00,0.00,0,2
2523,Functions,1.00,1.00,1.00,1.00,1.00,0.00,0,2
2528,Functions,0.00,0.00,0.00,0.00,0.00,0.00,0,2
2529,Functions,0.00,0.00,0.00,0.00,0.00,0.00,0,2
2531,Functions,2.00,2.00,2.00,2.00,2.00,0.00,0,2
2532,Functions,2.00,2.00,2.00,2.00,2.00,0.00,0,2
2534,Functions,0.00,0.00,0.00,0.00,0.00,0.00,0,2
2535,Functions,1.00,1.00,1.00,1.00,1.00,0.00,0,2
2536,Functions,1.00,1.00,1.00,1.00,1.00,0.00,0,2
2538,Functions,0.00,0.00,0.00,0.00,0.00,0.00,0,2
2540,Functions,0.00,0.00,0.00,0.00,0.00,0.00,0,2
2543,Functions,0.00,0.00,0.00,0.00,0.00,0.00,0,2
2546,Functions,1.00,1.00,1.00,1.00,1.00,0.00,0,2
2547,Functions,1.00,1.00,1.00,1.00,1.00,0.00,0,2
2549,Functions,0.00,0.00,0.00,0.00,0.00,0.00,0,2
2553,Functions,0.00,0.00,0.00,0.00,0.00,0.00,0,2
2554,Functions,1.00,1.00,1.00,1.00,1.00,0.00,0,4
2557,Functions,1.00,1.00,1.00,1.00,1.00,0.00,0,2
2559,Functions,1.00,1.00,1.00,1.00,1.00,0.00,0,4
2560,Functions,0.00,0.00,0.00,0.00,0.00,0.00,0,2
2561,Functions,1.00,1.00,1.00,1.00,1.00,0.00,0,2
2562,Functions,0.00,0.00,0.00,0.00,0.00,0.00,0,2
2564,Functions,2.00,2.00,2.00,2.00,2.00,0.00,0,2
2565,Functions,0.00,0.00,0.00,0.00,0.00,0.00,0,2
2566,Functions,1.00,1.00,1.00,1.00,1.00,0.00,0,2
2568,Functions,1.00,1.00,1.00,1.00,1.00,0.00,0,2
2572,Functions,1.00,1.00,1.00,1.00,1.00,0.00,0,2
2574,Functions,1.00,1.00,1.00,1.00,1.00,0.00,0,2
2576,Functions,1.00,1.00,1.00,1.00,1.00,0.00,0,2
2577,Functions,0.00,0.00,0.00,0.00,0.00,0.00,0,2
2578,Functions,1.00,1.00,1.00,1.00,1.00,0.00,0,2
2579,Functions,0.00,0.00,0.00,0.00,0.00,0.00,0,2
2580,Functions,1.00,1.00,1.00,1.00,1.00,0.00,0,2
2581,Functions,1.00,1.00,1.00,1.00,1.00,0.00,0,3
2582,Functions,2.00,2.00,2.00,2.00,2.00,0.00,0,2
2584,Functions,1.00,1.00,1.00,1.00,1.00,0.00,0,2
2585,Functions,1.00,1.00,1.00,1.00,1.00,0.00,0,4
2586,Functions,4.00,4.00,4.00,4.00,4.00,0.00,0,2
2590,Functions,4.00,4.00,4.00,4.00,4.00,0.00,0,3
2591,Functions,0.00,0.00,0.00,0.00,0.00,0.00,0,2
2592,Functions,0.00,0.00,0.00,0.00,0.00,0.00,0,2
2593,Functions,2.00,2.00,2.00,2.00,2.00,0.00,0,2
2595,Functions,14.00,14.00,14.00,14.00,14.00,0.00,0,2
2596,Functions,2.00,2.00,2.00,2.00,2.00,0.00,0,2
2598,Functions,3.00,3.00,3.00,3.00,3.00,0.00,0,2
2599,Functions,21.00,21.00,21.00,21.00,21.00,0.00,0,2
2602,Functions,3.00,3.00,3.00,3.00,3.00,0.00,0,2
2609,Functions,0.00,0.00,0.00,0.00,0.00,0.00,0,2
2611,Functions,0.00,0.00,0.00,0.00,0.00,0.00,0,2
2613,Functions,2.00,2.00,2.00,2.00,2.00,0.00,0,2
2621,Functions,9.00,9.00,9.00,9.00,9.00,0.00,0,3
2622,Functions,0.00,0.00,0.00,0.00,0.00,0.00,0,3
2623,Functions,33.00,33.00,33.00,33.00,33.00,0.00,0,2
2625,Functions,8.00,8.00,8.00,8.00,8.00,0.00,0,2
2630,Functions,2.00,2.00,2.00,2.00,2.00,0.00,0,2
2631,Functions,11.00,11.00,11.00,11.00,11.00,0.00,0,2
2633,Functions,1.00,1.00,1.00,1.00,1.00,0.00,0,2
2634,Functions,7.00,7.00,7.00,7.00,7.00,0.00,0,2
2642,Functions,1.00,1.00,1.00,1.00,1.00,0.00,0,2
2643,Functions,9.00,9.00,9.00,9.00,9.00,0.00,0,2
2644,Functions,2.00,2.00,2.00,2.00,2.00,0.00,0,2
2646,Functions,2.00,2.00,2.00,2.00,2.00,0.00,0,2
2647,Functions,9.00,9.00,9.00,9.00,9.00,0.00,0,2
2649,Functions,1.00,1.00,1.00,1.00,1.00,0.00,0,2
2657,Functions,1.00,1.00,1.00,1.00,1.00,0.00,0,2
2658,Functions,1.00,1.00,1.00,1.00,1.00,0.00,0,2
2659,Functions,1.00,1.00,1.00,1.00,1.00,0.00,0,2
2660,Functions,3.00,3.00,3.00,3.00,3.00,0.00,0,2
2661,Functions,27.00,27.00,27.00,27.00,27.00,0.00,0,2
2662,Functions,71.00,71.00,71.00,71.00,71.00,0.00,0,2
2663,Functions,1.00,1.00,1.00,1.00,1.00,0.00,0,2
2667,Functions,3.00,3.00,3.00,3.00,3.00,0.00,0,2
2668,Functions,5.00,5.00,5.00,5.00,5.00,0.00,0,2
2669,Functions,1.00,1.00,1.00,1.00,1.00,0.00,0,2
2670,Functions,8.00,8.00,8.00,8.00,8.00,0.00,0,2
2674,Functions,3.00,3.00,3.00,3.00,3.00,0.00,0,2
2675,Functions,2.00,2.00,2.00,2.00,2.00,0.00,0,3
2676,Functions,2.00,2.00,2.00,2.00,2.00,0.00,0,2
2678,Functions,1.00,1.00,1.00,1.00,1.00,0.00,0,4
2679,Functions,1.00,1.00,1.00,1.00,1.00,0.00,0,2
2681,Functions,1.00,1.00,1.00,1.00,1.00,0.00,0,2
2684,Functions,1.00,1.00,1.00,1.00,1.00,0.00,0,2
2686,Functions,3.00,3.00,3.00,3.00,3.00,0.00,0,2
2687,Functions,1.00,1.00,1.00,1.00,1.00,0.00,0,2
2691,Functions,6.00,6.00,6.00,6.00,6.00,0.00,0,2
2692,Functions,1.00,1.00,1.00,1.00,1.00,0.00,0,3
2694,Functions,1.00,1.00,1.00,1.00,1.00,0.00,0,2
2703,Functions,0.00,0.00,0.00,0.00,0.00,0.00,0,2
2705,Functions,1.00,1.00,1.00,1.00,1.00,0.00,0,2
2706,Functions,0.00,0.00,0.00,0.00,0.00,0.00,0,2
2707,Functions,2.00,2.00,2.00,2.00,2.00,0.00,0,2
2708,Functions,0.00,0.00,0.00,0.00,0.00,0.00,0,2
2711,Functions,1.00,1.00,1.00,1.00,1.00,0.00,0,3
2714,Functions,5.00,5.00,5.00,5.00,5.00,0.00,0,5
2715,Functions,34.00,34.00,34.00,34.00,34.00,0.00,0,2
2717,Functions,0.00,0.00,0.00,0.00,0.00,0.00,0,2
2721,Functions,3.00,3.00,3.00,3.00,3.00,0.00,0,2
2723,Functions,0.00,0.00,0.00,0.00,0.00,0.00,0,2
2729,Functions,3.00,3.00,3.00,3.00,3.00,0.00,0,2
2730,Functions,0.00,0.00,0.00,0.00,0.00,0.00,0,2
2731,Functions,0.00,0.00,0.00,0.00,0.00,0.00,0,2
2732,Functions,0.00,0.00,0.00,0.00,0.00,0.00,0,2
2734,Functions,-1.00,-1.00,-1.00,-1.00,-1.00,0.00,0,2
2736,Functions,0.00,0.00,0.00,0.00,0.00,0.00,0,2
2741,Functions,4.00,4.00,4.00,4.00,4.00,0.00,0,2
2743,Functions,1.00,1.00,1.00,1.00,1.00,0.00,0,2
2744,Functions,3.00,3.00,3.00,3.00,3.00,0.00,0,3
2746,Functions,2.00,2.00,2.00,2.00,2.00,0.00,0,2
2748,Functions,1.00,1.00,1.00,1.00,1.00,0.00,0,2
2749,Functions,0.00,0.00,0.00,0.00,0.00,0.00,0,2
2751,Functions,0.00,0.00,0.00,0.00,0.00,0.00,0,2
2752,Functions,0.00,0.00,0.00,0.00,0.00,0.00,0,2
2753,Functions,0.00,0.00,0.00,0.00,0.00,0.00,0,2
2755,Functions,0.00,0.00,0.00,0.00,0.00,0.00,0,2
2756,Functions,1.00,1.00,1.00,1.00,1.00,0.00,0,2
2757,Functions,1.00,1.00,1.00,1.00,1.00,0.00,0,4
2758,Functions,0.00,0.00,0.00,0.00,0.00,0.00,0,2
2759,Functions,0.00,0.00,0.00,0.00,0.00,0.00,0,2
2760,Functions,1.00,1.00,1.00,1.00,1.00,0.00,0,2
2763,Functions,1.00,1.00,1.00,1.00,1.00,0.00,0,2
2764,Functions,1.00,1.00,1.00,1.00,1.00,0.00,0,2
2766,Functions,0.00,0.00,0.00,0.00,0.00,0.00,0,2
2768,Functions,0.00,0.00,0.00,0.00,0.00,0.00,0,2
2769,Functions,1.00,1.00,1.00,1.00,1.00,0.00,0,2
2772,Functions,1.00,1.00,1.00,1.00,1.00,0.00,0,2
2773,Functions,3.00,3.00,3.00,3.00,3.00,0.00,0,2
2774,Functions,0.00,0.00,0.00,0.00,0.00,0.00,0,2
2775,Functions,1.00,1.00,1.00,1.00,1.00,0.00,0,2
2776,Functions,1.00,1.00,1.00,1.00,1.00,0.00,0,2
2777,Functions,0.00,0.00,0.00,0.00,0.00,0.00,0,2
2778,Functions,3.00,3.00,3.00,3.00,3.00,0.00,0,3
2779,Functions,3.00,3.00,3.00,3.00,3.00,0.00,0,2
2780,Functions,1.00,1.00,1.00,1.00,1.00,0.00,0,2
2781,Functions,0.00,0.00,0.00,0.00,0.00,0.00,0,2
2782,Functions,0.00,0.00,0.00,0.00,0.00,0.00,0,2
2783,Functions,0.00,0.00,0.00,0.00,0.00,0.00,0,3
2784,Functions,1.00,1.00,1.00,1.00,1.00,0.00,0,2
2785,Functions,1.00,1.00,1.00,1.00,1.00,0.00,0,2
2788,Functions,0.00,0.00,0.00,0.00,0.00,0.00,0,2
2789,Functions,1.00,1.00,1.00,1.00,1.00,0.00,0,2
2790,Functions,3.00,3.00,3.00,3.00,3.00,0.00,0,2
2791,Functions,1.00,1.00,1.00,1.00,1.00,0.00,0,2
2792,Functions,0.00,0.00,0.00,0.00,0.00,0.00,0,2
2793,Functions,3.00,3.00,3.00,3.00,3.00,0.00,0,2
2794,Functions,1.00,1.00,1.00,1.00,1.00,0.00,0,2
2795,Functions,2.00,2.00,2.00,2.00,2.00,0.00,0,2
2796,Functions,9.00,9.00,9.00,9.00,9.00,0.00,0,2
2797,Functions,1.00,1.00,1.00,1.00,1.00,0.00,0,2
2798,Functions,1.00,1.00,1.00,1.00,1.00,0.00,0,2
2799,Functions,1.00,1.00,1.00,1.00,1.00,0.00,0,3
2800,Functions,1.00,1.00,1.00,1.00,1.00,0.00,0,2
2801,Functions,1.00,1.00,1.00,1.00,1.00,0.00,0,2
2802,Functions,0.00,0.00,0.00,0.00,0.00,0.00,0,2
2803,Functions,50.00,50.00,50.00,50.00,50.00,0.00,0,2
2804,Functions,2.00,2.00,2.00,2.00,2.00,0.00,0,2
